Codigo;Materia
GC315;ACCIÓN COLECTIVA Y TRANSFORMACIÓN SOCIAL
AE402;CONTABILIDAD ADMINISTRATIVA
INS0136;ACERCAMIENTO A LA LENGUA DE SEÑAS COLOMBIANA (LSD) Y LA COMUNIDAD SORDA
AE603;ANALISIS Y ADMINISTRACION FINANCIERA
AE603;ANALISIS Y ADMINISTRACION FINANCIERA
BIO602;ADMINISTRACIÓN
AE602;DESTINOS Y GEOGRAFIA TURISTICA I
SST404;ADMINISTRACIÓN
CMA014;GEOPOLITICA
AET505;ADMINISTRACIÓN DE LA CALIDAD
AE601;INVESTIGACION DE MERCADOS
PGC702;ADMINISTRACIÓN DE LA CALIDAD
AE6043;PLANIFICACION TURISTICA I
ARQ1001;ADMINISTRACION DE LA CONSTRUCCION
AE6042;MERCADEO TURISTICO
AE802;ADMINISTRACION DE OPERACIONES
AE704;GERENCIA ESTRATEGICA
PGC501;ADMINISTRACIÓN DE SERVICIOS GASTRONÓMICOS
AE7053;PLANIFICACION TURISTICA II
GC212;ADMINISTRACIÓN PARA LAS ORGANIZACIONES SOCIALES
AE701;SISTEMAS DE INFORMACION GERENCIAL
PDS026;ADMINISTRACIÓN PÚBLICA TERRITORIAL
AE703;DESTINOS Y GEOGRAFIA TURISTICA II
GC412;ADMINISTRACIÓN PÚBLICA TERRITORIAL
AE702;TOURISM MANAGEMENT MARKETING
CV1001;ADMINISTRACION Y GERENCIA DE LA CONSTRUCCION
AE7052;MERCADEO TURISTICO II
CV6082;ADMINISTRACION Y GESTION DE LA CONSTRUCCION
AE801;FORMULACION Y EVALUACION DE PROYECTOS
AE801;FORMULACION Y EVALUACION DE PROYECTOS
AE801;FORMULACION Y EVALUACION DE PROYECTOS
CV7072;ADMINISTRACION Y GESTION DE LA CONSTRUCCION II
AE802;ADMINISTRACION DE OPERACIONES
AE802;ADMINISTRACION DE OPERACIONES
AE802;ADMINISTRACION DE OPERACIONES
AE802;ADMINISTRACION DE OPERACIONES
CV8082;ADMINISTRACION Y GESTION DE LA CONSTRUCCION III
AE8033;PLANIFICACION TURISTICA III
FAI005;ÁLGEBRA LINEAL Y MODELOS CUANTITATIVOS
AE8032;MERCADEO TURISTICO III
ICO202;ALGORITMOS Y PROGRAMACIÓN
CMA020;SEMINARIO DE EMPRENDIMIENTO
PGC301;ANÁLISIS DE COSTOS GASTRONÓMICOS
AE901;PRACTICA PROFESIONAL
AET301;ANÁLISIS DE COYUNTURA INTERNACIONAL PARA LA TOMA DE DECISIONES
AET101;FUNDAMENTOS DE ADMINISTRACIÓN
AET101;FUNDAMENTOS DE ADMINISTRACIÓN
AET101;FUNDAMENTOS DE ADMINISTRACIÓN
CC403;ANÁLISIS DE MATERIALES Y LABORATORIO
AET102;INTRODUCCIÓN AL TURISMO
AET102;INTRODUCCIÓN AL TURISMO
AET102;INTRODUCCIÓN AL TURISMO
ICO903;ANÁLISIS DE RIESGOS COMERCIALES
AET103;SEMINARIO DE RESPONSABILIDAD SOCIAL Y DERECHOS CIUDADANOS
GC214;ANÁLISIS ECONÓMICO EN LO SOCIAL
AET104;MATEMÁTICAS GENERAL
AET104;MATEMÁTICAS GENERAL
AET104;MATEMÁTICAS GENERAL
AET104;MATEMÁTICAS GENERAL
AET104;MATEMÁTICAS GENERAL
TGC403;ANÁLISIS ESPACIAL
AET105;HABILIDADES COMUNICATIVAS Y PROTOCOLO
CV704;ANALISIS ESTRUCTURAL
INS101;INGLES I
INS101;INGLES I
201EA;ANALISIS INSTRUMENTAL BIOMEDICO
AET201;TEORÍA ORGANIZACIONAL
AET201;TEORÍA ORGANIZACIONAL
AET201;TEORÍA ORGANIZACIONAL
BIO304;ANÁLISIS QUÍMICO
AET202;DESARROLLO TURÍSTICO SOSTENIBLE
AET202;DESARROLLO TURÍSTICO SOSTENIBLE
AET202;DESARROLLO TURÍSTICO SOSTENIBLE
AE603;ANALISIS Y ADMINISTRACION FINANCIERA
AET203;CONTABILIDAD FINANCIERA
AET203;CONTABILIDAD FINANCIERA
AET203;CONTABILIDAD FINANCIERA
SST203;ANATOMOFISIOLOGÍA
AET204;MATEMÁTICAS APLICADA
AET204;MATEMÁTICAS APLICADA
AET204;MATEMÁTICAS APLICADA
EPU006;ANTEPROYECTO
INS102;INGLES II
INS102;INGLES II
INS102;INGLES II
DAI411;ANTEPROYECTO DE INVESTIGACION
AET301;ANÁLISIS DE COYUNTURA INTERNACIONAL PARA LA TOMA DE DECISIONES
AET301;ANÁLISIS DE COYUNTURA INTERNACIONAL PARA LA TOMA DE DECISIONES
ICO704;ANTEPROYECTO DE INVESTIGACIÓN
AET302;LEGISLACIÓN EMPRESARIAL
AET302;LEGISLACIÓN EMPRESARIAL
AET302;LEGISLACIÓN EMPRESARIAL
ARQA801;ANTEPROYECTO DE INVESTIGACIÓN
AET303;GEOGRAFÍA TURÍSTICA
AET303;GEOGRAFÍA TURÍSTICA
AET303;GEOGRAFÍA TURÍSTICA
IA805;ANTEPROYECTO DE INVESTIGACIÓN
AET304;TURISMO, CULTURA Y SOCIEDAD
TGC405;ANTEPROYECTO DE INVESTIGACIÓN
AET305;COSTOS PARA LA TOMA DE DECISIONES
AET305;COSTOS PARA LA TOMA DE DECISIONES
AET305;COSTOS PARA LA TOMA DE DECISIONES
ARQA101;ANTROPOLOGÍA
AET306;ESTADÍSTICA
AET306;ESTADÍSTICA
AET306;ESTADÍSTICA
TSG203;ANTROPOLOGÍA DE LOS ALIMENTOS
INS103;INGLES III
PGC201;ANTROPOLOGÍA E IDENTIDAD GASTRONÓMICA
AET401;GERENCIA DEL TALENTO HUMANO
AET401;GERENCIA DEL TALENTO HUMANO
ARQA404;ARQUITECTURA Y SOSTENIBILIDAD
AET402;INTRODUCCIÓN GERENCIA DE INTERMEDIACIÓN Y TRANSPORTE
AET402;INTRODUCCIÓN GERENCIA DE INTERMEDIACIÓN Y TRANSPORTE
AET402;INTRODUCCIÓN GERENCIA DE INTERMEDIACIÓN Y TRANSPORTE
INS083;ARTE CIENCIA E INNOVACION
AET403;ECONOMÍA PARA TOMA DE DECISIONES
AET403;ECONOMÍA PARA TOMA DE DECISIONES
AET403;ECONOMÍA PARA TOMA DE DECISIONES
SST601;AUDITORÍA EN SST
AET404;TEORÍAS MODERNAS DE ADMINISTRACIÓN
AET404;TEORÍAS MODERNAS DE ADMINISTRACIÓN
AET404;TEORÍAS MODERNAS DE ADMINISTRACIÓN
301EF;BACTERIOLOGIA I
AET405;METODOLOGÍA Y TÉCNICAS DE LA INVESTIGACIÓN
AET405;METODOLOGÍA Y TÉCNICAS DE LA INVESTIGACIÓN
AET405;METODOLOGÍA Y TÉCNICAS DE LA INVESTIGACIÓN
401EG;BACTERIOLOGIA II
INS104;INGLES IV
TGC102;BASE DE DATOS
AET505;ADMINISTRACIÓN DE LA CALIDAD
ARQA503;BIOCLIMÁTICA
SST202;BIOESTADÍSTICA
AET502;INGENIERÍA ECONÓMICA
BIO403;BIOFÍSICA
AET504;INTRODUCCIÓN GERENCIA DEL ALOJAMIENTO Y EVENTOS
BIO405;BIOINFORMÁTICA
AET503;PLANIFICACIÓN TURÍSTICA
TGA101;BIOLOGIA
INS105;INGLÉS V
SA200;BIOLOGIA
IA101;BIOLOGÍA
SST102;BIOLOGÍA
INS101;INGLES I
INS101;INGLES I
BIO204;BIOLOGÍA CELULAR
BIO104;BIOLOGÍA GENERAL
FAI021;QUÍMICA Y LABORATORIO
BIO305;BIOLOGÍA MOLECULAR
FAI001;MATEMÁTICAS OPERATIVAS
BIO303;BIOQUÍMICA
PGC203;BIOQUÍMICA DE ALIMENTOS
FAI004;CALCULO DIFERENCIAL
FAI004;CALCULO DIFERENCIAL
FAI004;CALCULO DIFERENCIAL
SA240;BIOQUIMICA I
ICO202;ALGORITMOS Y PROGRAMACIÓN
ICO202;ALGORITMOS Y PROGRAMACIÓN
ICO202;ALGORITMOS Y PROGRAMACIÓN
IA603;BIOTECNOLOGÍA AMBIENTAL
ICO203;FUNDAMENTOS DE ECONOMÍA
ICO203;FUNDAMENTOS DE ECONOMÍA
ICO203;FUNDAMENTOS DE ECONOMÍA
INS102;INGLES II
BIO605;BIOTECNOLOGÍA AMBIENTAL
FAI006;ESTADÍSTICA
FAI006;ESTADÍSTICA
BIO702;BIOTECNOLOGÍA ANIMAL
ICO201;ESTADOS FINANCIEROS
ICO201;ESTADOS FINANCIEROS
ICO201;ESTADOS FINANCIEROS
BIO704;BIOTECNOLOGÍA DE ALIMENTOS
ICO301;LEGISLACIÓN COMERCIAL Y LABORAL
BIO604;BIOTECNOLOGÍA ENZIMÁTICA
ICO302;ESTADÍSTICA INFERENCIAL
BIO504;BIOTECNOLOGÍA VEGETAL Y TEJIDOS
FAI005;ÁLGEBRA LINEAL Y MODELOS CUANTITATIVOS
BIO6062;BIOTECNOLOGÍA Y DIAGNÓSTICO CLÍNICO
FAI008;FÍSICA
BIO701;BIOTECNOLOGÍA Y SOCIEDAD
ICO402;COSTOS Y PRESUPUESTOS
ICO505;BRANDING (GESTIÓN DE MARCA)
ICO403;FUNDAMENTOS DE MERCADEO
INS104;INGLES IV
601EH;BROMATOLOGIA
FAI004;CALCULO DIFERENCIAL
BIO201;CÁLCULO DIFERENCIAL
FAI012;SISTEMAS DE GESTIÓN
FAI012;SISTEMAS DE GESTIÓN
FAI007;CÁLCULO INTEGRAL
ICO502;GESTIÓN DE VENTAS
BIO301;CÁLCULO INTEGRAL
ICO504;MACROECONOMÍA
FAI009;CÁLCULO VARIAS VARIABLES
DAI552;CARTOGRAFÍA Y SISTEMAS DE INFORMACIÓN GEOGRÁFICA
INS082;CÁTEDRA ABIERTA DE INNOVACIÓN Y EMPRENDIMIENTO
ICO505;BRANDING (GESTIÓN DE MARCA)
INS014;CATEDRA ABIERTA DE TURISMO IV
INS093;CATEDRA DE EXTENSIÓN Y CONSTRUCCIÓN SOCIAL
ICO602;DISEÑO DE CANALES DE DISTRIBUCIÓN LOGÍSTICA
INS074;CATEDRA DE GENERO
ICO603;SERVICIOS COMERCIALES DIGITALES
INS094;CATEDRA DE INTERNACIONALIZACIÓN E INTERCULTURALIDAD
INS089;CATEDRA DE LA PAZ (VIRTUAL)
INS0101;CÁTEDRA NÓMADA
CC301;CERRAMIENTOS
ICO701;GESTIÓN DEL TALENTO HUMANO
CC203;CIENCIA DE LOS MATERIALES Y LABORATORIO
ICO702;OPERACIONES ADMINISTRATIVAS COMERCIALES
SST304;CIENCIA, TECNOLOGÍA Y SOCIEDAD
ICO7032;PLANES DE NEGOCIO
INS0138;CIUDAD Y PATRIMONIO NARRATIVAS DE CIUDAD PRESENCIAL
TSG103;COCINA BÁSICA
ICO705;INVESTIGACIÓN DE MERCADOS Y ANÁLISIS DEL ENTORNO
PGC404;COCINA COLOMBIANA I
ICO706;GERENCIA DE MERCADEO
PGC504;COCINA COLOMBIANA II
FAI013;INGENIERÍA ECONÓMICA
TSG503;COCINA INTERNACIONAL
ICO802;SIMULACIÓN DE PROCESOS COMERCIALES
PGC604;COCINA INTERNACIONAL I
ICO803;FORMULACIÓN Y EVALUACIÓN DE PROYECTOS
PGC704;COCINA INTERNACIONAL II
ICO801;MERCADEO INTERNACIONAL
TSG305;COCINA NACIONAL
ICO8042;FINANZAS DE MERCADEO
TSG4062;COCINA NATURAL I
TSG5062;COCINA NATURAL II
PGC6051;COCINA NUTRICIONAL II
PGC7051;COCINA NUTRICIONAL III
PGC304;COCINA REGIONAL
ICO903;ANÁLISIS DE RIESGOS COMERCIALES
TSG403;COCINA REGIONAL
FAI015;EMPRENDIMIENTO E INNOVACIÓN
TSG4063;COCINA REGIONAL COLOMBIANA I (PACÍFICO)
PGC101;MATEMÁTICAS OPERATIVAS
PGC101;MATEMÁTICAS OPERATIVAS
PGC101;MATEMÁTICAS OPERATIVAS
TSG5064;COCINA REGIONAL COLOMBIANA II (ANDINA)
PGC102;INTRODUCCION A LA GASTRONOMIA Y CULINARIA
PGC305;COCINA Y MEDIO AMBIENTE
PGC103;QUÍMICA DE ALIMENTOS
PGC103;QUÍMICA DE ALIMENTOS
PGC103;QUÍMICA DE ALIMENTOS
DAI222;COLOR, AMBIENTACIÓN E IMAGEN
PGC105;TÉCNICAS BÁSICAS DE COCINAS
PGC105;TÉCNICAS BÁSICAS DE COCINAS
PGC105;TÉCNICAS BÁSICAS DE COCINAS
ARQ9024;COMODIDAD AMBIENTAL
PGC104;MATERIAS PRIMAS
PGC104;MATERIAS PRIMAS
PGC104;MATERIAS PRIMAS
NB100;COMPETENCIA LECTORA EN INGLES I
PGC106;HABILIDADES COMUNICATIVAS Y PROTOCOLO
NB101;COMPETENCIA LECTORA EN INGLES II
PGC107;INGLÉS I
INS084;COMPRENSIÓN LECTORA
PGC201;ANTROPOLOGÍA E IDENTIDAD GASTRONÓMICA
PGC201;ANTROPOLOGÍA E IDENTIDAD GASTRONÓMICA
BIO5062;COMPUESTOS BIOACTIVOS Y BIOPROSPECCIÓN
PGC203;BIOQUÍMICA DE ALIMENTOS
PDS036;COMUNIDAD Y DESARROLLO SOCIAL
PGC204;INTRODUCCIÓN A LA ADMINISTRACIÓN
PGC204;INTRODUCCIÓN A LA ADMINISTRACIÓN
PGC204;INTRODUCCIÓN A LA ADMINISTRACIÓN
PDS040;CONFLICTO EN CONTEXTOS DE DESARROLLO
PGC205;METODOLOGÍA Y TÉCNICAS DE LA INVESTIGACIÓN
PGC205;METODOLOGÍA Y TÉCNICAS DE LA INVESTIGACIÓN
PGC205;METODOLOGÍA Y TÉCNICAS DE LA INVESTIGACIÓN
GC414;CONFLICTOS COMUNITARIOS Y ALTERNATIVAS DE CONSTRUCCIÓN DE PAZ
PGC206;INFORMÁTICA APLICADA
GC115;CONSTITUCIÓN COLOMBIANA Y FORMACIÓN DEMOCRÁTICA
PGC207;INGLÉS II
INS067;CONSTITUCIÓN POLÍTICA  (VIRTUAL)
PGC202;ESTÉTICA CULINARIA
PGC202;ESTÉTICA CULINARIA
PGC202;ESTÉTICA CULINARIA
CV805;CONSTRUCCION DE AMOBLAMIENTO URBANO
PGC301;ANÁLISIS DE COSTOS GASTRONÓMICOS
CC501;CONSTRUCCIÓN DE INSTALACIONES ELÉCTRICAS
CC601;CONSTRUCCIÓN DE INSTALACIONES EN REDES DE GAS
PGC303;MICROBIOLOGÍA Y CONSERVACIÓN DE LOS ALIMENTOS
PGC303;MICROBIOLOGÍA Y CONSERVACIÓN DE LOS ALIMENTOS
CC604;CONSTRUCCIÓN DE INSTALACIONES ESPECIALES
PGC302;CULTURA GASTRONÓMICA COLOMBIANA I
CC602;CONSTRUCCIÓN DE INSTALACIONES HIDRÁULICAS
PGC305;COCINA Y MEDIO AMBIENTE
CC502;CONSTRUCCIÓN DE INSTALACIONES HIDROSANITARIAS
PGC307;INGLÉS III
CV708;CONSTRUCCION DE OBRA BLANCA
PGC304;COCINA REGIONAL
PGC304;COCINA REGIONAL
CV503;CONSTRUCCION DE PAVIMENTOS Y VIAS
PGC401;GASTROTECNOLOGÍA
CV807;CONSTRUCCION EN ESTRUCTURAS METALICAS
ARQA104;CONSTRUCCIÓN I: INTRODUCCIÓN A LOS SISTEMAS CONSTRUCTIVOS
PGC403;FUNDAMENTOS DE MERCADEO
ARQA205;CONSTRUCCIÓN II: RECURSOS
PGC404;COCINA COLOMBIANA I
ARQA303;CONSTRUCCIÓN III: CONSTRUCCIÓN DE EDIFICACIONES
CV603;CONSTRUCCION SOSTENIBLE I
PGC407;INGLÉS IV
PGC407;INGLÉS IV
TGA30101;CONSTRUCCION SOSTENIBLE I
IA7003;CONSTRUCCIÓN SOSTENIBLE I
PGC501;ADMINISTRACIÓN DE SERVICIOS GASTRONÓMICOS
CV703;CONSTRUCCION SOSTENIBLE II
PGC502;MIXOLOGÍA
TGA40101;CONSTRUCCION SOSTENIBLE II
PGC504;COCINA COLOMBIANA II
IA8003;CONSTRUCCIÓN SOSTENIBLE II
PGC503;PANIFICACIÓN Y USOS DEL PAN
TGA50101;CONSTRUCCION SOSTENIBLE III
PGC507;INGLES V
IA9003;CONSTRUCCIÓN SOSTENIBLE III
PGC5052;MERCADOS Y CLIENTES I
ARQA605;CONSTRUCCIÓN V: INSTALACIONES BÁSICAS Y ESPECIALES
PGC604;COCINA INTERNACIONAL I
CV705;CONSTRUCCIONES EN MADERA
PGC607;INGLÉS VI
PDS017;CONTABILIDAD
PGC603;REPOSTERÍA Y PASTELERÍA
AE402;CONTABILIDAD ADMINISTRATIVA
AET203;CONTABILIDAD FINANCIERA
PGC602;SUMILLERÍA Y BARISMO
INS054;CONTEXTO HISTORICO Y  POLÍTICO COLOMBIANO
PGC6052;MERCADOS Y CLIENTES II
CV701;CONTRATACION DE OBRA
TSG206;CONTROL DE COSTOS Y GASTOS EN CULINARIA
AET305;COSTOS PARA LA TOMA DE DECISIONES
PGC704;COCINA INTERNACIONAL II
CC603;COSTOS Y PRESUPUESTO DE OBRA
PGC7051;COCINA NUTRICIONAL III
ICO402;COSTOS Y PRESUPUESTOS
IA504;COSTOS Y PRESUPUESTOS
PGC701;PLAN DE NEGOCIOS
PDS024;COSTOS Y PRESUPUESTOS
TGTV305;COSTOS Y PRESUPUESTOS EN EMPRESA DE TURISMO
PGC7052;MERCADOS Y CLIENTES III
PGC302;CULTURA GASTRONÓMICA COLOMBIANA I
PGC402;CULTURA GASTRONÓMICA COLOMBIANA II 
TSG103;COCINA BÁSICA
TSG103;COCINA BÁSICA
TSG103;COCINA BÁSICA
TSG103;COCINA BÁSICA
TSG103;COCINA BÁSICA
TSG103;COCINA BÁSICA
TSG103;COCINA BÁSICA
PDS013;CULTURA INVESTIGATIVA
TSG101;FORMACIÓN DEMOCRATICA Y CIUDADANA
TSG101;FORMACIÓN DEMOCRATICA Y CIUDADANA
TSG101;FORMACIÓN DEMOCRATICA Y CIUDADANA
PDS028;CULTURA, TERRITORIO Y DESARROLLO
TSG104;GESTIÓN ADMINISTRATIVA
TSG104;GESTIÓN ADMINISTRATIVA
TSG104;GESTIÓN ADMINISTRATIVA
TSG104;GESTIÓN ADMINISTRATIVA
GC213;DERECHO ADMINISTRATIVO
TSG102;HABILIDADES COMUNICATIVAS
TSG102;HABILIDADES COMUNICATIVAS
TSG102;HABILIDADES COMUNICATIVAS
SA100;DESARROLLO A LA COMUNIDAD
TSG106;INTRODUCCIÓN AL SERVICIO GASTRONÓMICO
TSG106;INTRODUCCIÓN AL SERVICIO GASTRONÓMICO
TSG106;INTRODUCCIÓN AL SERVICIO GASTRONÓMICO
INS068;DESARROLLO HUMANO (VIRTUAL)
TSG105;MATEMÁTICA
TSG105;MATEMÁTICA
TSG105;MATEMÁTICA
TSG105;MATEMÁTICA
PDS033;DESARROLLO RURAL
TSG107;MATERIAS PRIMAS
TSG107;MATERIAS PRIMAS
TSG107;MATERIAS PRIMAS
EPU007;DESARROLLO SOCIAL URBANO
TSG204;INFORMÁTICA APLICADA
TSG204;INFORMÁTICA APLICADA
TSG204;INFORMÁTICA APLICADA
AET202;DESARROLLO TURÍSTICO SOSTENIBLE
TSG207;SELECCIÓN Y PREPARACIÓN DE CARNES I
TSG207;SELECCIÓN Y PREPARACIÓN DE CARNES I
TSG207;SELECCIÓN Y PREPARACIÓN DE CARNES I
TSG207;SELECCIÓN Y PREPARACIÓN DE CARNES I
TSG207;SELECCIÓN Y PREPARACIÓN DE CARNES I
EPU002;DESARROLLO URBANO SOSTENIBLE
TSG203;ANTROPOLOGÍA DE LOS ALIMENTOS
TSG203;ANTROPOLOGÍA DE LOS ALIMENTOS
TSG203;ANTROPOLOGÍA DE LOS ALIMENTOS
INS0130;DESIGUALDADES SOCIALES Y POLÍTICAS DE BIENESTAR PARA LA  INCLUSIÓN
TSG201;ÉTICA PROFESIONAL
AE602;DESTINOS Y GEOGRAFIA TURISTICA I
TSG206;CONTROL DE COSTOS Y GASTOS EN CULINARIA
TSG206;CONTROL DE COSTOS Y GASTOS EN CULINARIA
TSG206;CONTROL DE COSTOS Y GASTOS EN CULINARIA
AE703;DESTINOS Y GEOGRAFIA TURISTICA II
TSG205;NUTRICIÓN Y DIETÉTICA
TSG205;NUTRICIÓN Y DIETÉTICA
IA503;DIAGNÓSTICO DE AGUAS
TSG202;FRANCÉS
TSG202;FRANCÉS
TSG202;FRANCÉS
IA600;DIAGNÓSTICO DEL AIRE
TSG305;COCINA NACIONAL
TSG305;COCINA NACIONAL
TSG305;COCINA NACIONAL
TSG305;COCINA NACIONAL
IA601;DIAGNÓSTICO DEL SUELO
TSG304;GESTIÓN DE MERCADEO
TSG304;GESTIÓN DE MERCADEO
TSG304;GESTIÓN DE MERCADEO
CC102;DIBUJO
TSG303;GESTIÓN SERVICIOS GASTRONÓMICOS
TSG303;GESTIÓN SERVICIOS GASTRONÓMICOS
TSG303;GESTIÓN SERVICIOS GASTRONÓMICOS
IA201;DIBUJO
TSG302;PROCESO INVESTIGATIVO
TSG302;PROCESO INVESTIGATIVO
TSG302;PROCESO INVESTIGATIVO
TGC101;DIBUJO
TSG306;PROCESOS EN ALIMENTOS
TSG306;PROCESOS EN ALIMENTOS
ARQA305;DIBUJO ARQUITECTÓNICO
TSG307;PRODUCTOS DE MAR Y RIO
TSG307;PRODUCTOS DE MAR Y RIO
TSG307;PRODUCTOS DE MAR Y RIO
TGC202;DIBUJO ARQUITECTÓNICO
TSG403;COCINA REGIONAL
TSG403;COCINA REGIONAL
TSG403;COCINA REGIONAL
DAI223;DIBUJO ARQUITECTÓNICO I (BAJA COMPLEJIDAD)
TSG402;GESTIÓN DE OPERACIONES GASTRONÓMICAS
TSG402;GESTIÓN DE OPERACIONES GASTRONÓMICAS
DAI332;DIBUJO ARQUITECTÓNICO II (MEDIA ALTA COMPLEJIDAD)
TSG4062;COCINA NATURAL I
DAI442;DIBUJO ARQUITECTÓNICO III (LEVANTAMIENTOS)
TSG405;PASTELERÍA
TSG405;PASTELERÍA
TSG405;PASTELERÍA
TSG405;PASTELERÍA
CC404;DIBUJO ASISTIDO POR COMPUTADOR
TSG404;SELECCIÓN Y PREPARACIÓN DE CARNES II
TSG404;SELECCIÓN Y PREPARACIÓN DE CARNES II
DAI404;DIBUJO DE DETALLES CONSTRUCTIVOS I
TSG4063;COCINA REGIONAL COLOMBIANA I (PACÍFICO)
DAI402;DIBUJO DE ESTRUCTURAS I
TSG505;TENDENCIAS CULINARIAS
DAI501;DIBUJO DE ESTRUCTURAS II
TSG503;COCINA INTERNACIONAL
TSG503;COCINA INTERNACIONAL
DAI220;DIBUJO DE INGENIERÍA I (ESTRUCTURAS DE BAJA COMPLEJIDAD )
TSG502;INNOVACIÓN, CREATIVIDAD Y EMPRENDIMIENTO
TSG502;INNOVACIÓN, CREATIVIDAD Y EMPRENDIMIENTO
TSG502;INNOVACIÓN, CREATIVIDAD Y EMPRENDIMIENTO
DAI330;DIBUJO DE INGENIERÍA II (INSTALACIONES Y DETALLES CONSTRUCTIVOS DE BAJA COMPLEJIDAD)
TSG504;MIXOLOGÍA
TSG504;MIXOLOGÍA
TSG504;MIXOLOGÍA
DAI444;DIBUJO DE INGENIERÍA III (INSTALACIONES Y ESTRUCTURAS DE MEDIA-ALTA COMPLEJIDAD)
TSG5062;COCINA NATURAL II
DAI413;DIBUJO DE INSTALACIONES
TSG5064;COCINA REGIONAL COLOMBIANA II (ANDINA)
DAI503;DIBUJO MECÁNICO I
TSG601;PRACTICA PROFESIONAL
TSG601;PRACTICA PROFESIONAL
DAI602;DIBUJO MECANICO II
ARQA103;DIBUJO PROYECTUAL
INS002;FORMACION DEMOCRATICA Y CIUDADANA
TGC401;DIBUJO TOPOGRÁFICO
DAI333;DIBUJO TOPOGRÁFICO I (MANUAL)
TGTV103;PROCESO INVESTIGATIVO
DAI443;DIBUJO TOPOGRÁFICO II (DIGITAL)
GC515;DINÁMICAS Y PROCESOS GRUPALES
GC313;DISCURSOS DEL DESARROLLO Y PROCESOS DE PLANEACIÓN
ARQA102;DISEÑO ARQUITECTÓNICO I: PRINCIPIOS DEL PROYECTO ARQUITECTÓNICO
ARQA201;DISEÑO ARQUITECTÓNICO II: LA LECTURA DEL LUGAR
ARQA301;DISEÑO ARQUITECTÓNICO III: VIVIENDA Y MODOS DE HABITAR
ARQA402;DISEÑO ARQUITECTÓNICO IV: EL HÁBITAT COLECTIVO
ARQ1002;DISEÑO ARQUITECTONICO IX
TGTV305;COSTOS Y PRESUPUESTOS EN EMPRESA DE TURISMO
ARQA502;DISEÑO ARQUITECTÓNICO V: ESPACIOS DE INTERCAMBIO COMERCIAL
ARQA602;DISEÑO ARQUITECTÓNICO VI: EDIFICIO Y ESPACIO PÚBLICO EN LADERA
ARQA701;DISEÑO ARQUITECTÓNICO VII: LA CIUDAD DENTRO DE LA CIUDAD
ARQA802;DISEÑO ARQUITECTÓNICO VIII: EDIFICIO DE USO MIXTO,MODOS DE HABITAR LA CIUDAD DE HOY
CMA103;INGLÉS III
ICO602;DISEÑO DE CANALES DE DISTRIBUCIÓN LOGÍSTICA
INS0134;DISEÑO ESTRATÉGICO PROSPECTIVO PARA LA GESTIÓN DEL DESARROLLO
BIO501;DISEÑO EXPERIMENTAL
TGTV402;HERRAMIENTAS WEB PARA EL TURISMO
ARQ901;DISEÑO METODOLOGICO
TGTV403;PRINCIPIOS ECONÓMICOS DEL TURISMO
PDS016;DISEÑO Y ANÁLISIS DE DATOS
CMA104;INGLÉS IV
CMA104;INGLÉS IV
PDS018;DISEÑOS DE INVESTIGACIÓN SOCIAL
CV801;DISEÑOS INVESTIGATIVOS
INS075;DIVERSIDAD CULTURAL
TGTV502;GESTIÓN DE LA CALIDAD EN EMPRESAS TURISTICAS
BIO406;ECOFISIOLOGÍA VEGETAL
TGA201;ECOLOGIA
TGTV504;TURISMO SOSTENIBLE
IA301;ECOLOGÍA
ARQA304;ECOLOGÍA URBANA
TGA203;ECONOMIA AMBIENTAL
ARQ1001;ADMINISTRACION DE LA CONSTRUCCION
ARQ1001;ADMINISTRACION DE LA CONSTRUCCION
ARQ1001;ADMINISTRACION DE LA CONSTRUCCION
IA403;ECONOMÍA AMBIENTAL
ARQ1002;DISEÑO ARQUITECTONICO IX
ARQ1002;DISEÑO ARQUITECTONICO IX
ARQ1002;DISEÑO ARQUITECTONICO IX
ARQ1002;DISEÑO ARQUITECTONICO IX
PDS04;ECONOMÍA GENERAL
ARQ1003;INFORME DE INVESTIGACION
AET403;ECONOMÍA PARA TOMA DE DECISIONES
ARQ10041;TÉCNICA III
FAI011;ECUACIONES DIFERENCIALES
ARQ10044;ILUMINACION NATURAL
INS0132;EDICIÓN Y PRODUCCIÓN DE VIDEOS
GC512;EDUCACIÓN SOCIAL EN LA INTERVENCIÓN COMUNITARIA
ECS206;EFICIENCIA Y RACIONALIDAD ENERGÉTICA
CC605;EJECUCIÓN DE CERRAMIENTOS
ARQ807;SERVICIO SOCIAL
CC504;EJECUCIÓN DE ESTRUCTURAS
ARQ901;DISEÑO METODOLOGICO
INS0128;EL APORTE DE LAS MUJERES A LAS CIENCIAS EN LATINOAMÉRICA Y EL CARIBE
INS0133;EL FEMINISMO Y LA POSMODERNIDAD
EGR010;ELECTIVA I
ARQA101;ANTROPOLOGÍA
INS009;ELECTIVA I
ARQA102;DISEÑO ARQUITECTÓNICO I: PRINCIPIOS DEL PROYECTO ARQUITECTÓNICO
ARQA102;DISEÑO ARQUITECTÓNICO I: PRINCIPIOS DEL PROYECTO ARQUITECTÓNICO
ARQA102;DISEÑO ARQUITECTÓNICO I: PRINCIPIOS DEL PROYECTO ARQUITECTÓNICO
EGR011;ELECTIVA II
ARQA103;DIBUJO PROYECTUAL
INS010;ELECTIVA II
ARQA104;CONSTRUCCIÓN I: INTRODUCCIÓN A LOS SISTEMAS CONSTRUCTIVOS
INS002;FORMACION DEMOCRATICA Y CIUDADANA
INS101;INGLES I
INS101;INGLES I
INS101;INGLES I
INS101;INGLES I
INS011;ELECTIVA III
ARQA201;DISEÑO ARQUITECTÓNICO II: LA LECTURA DEL LUGAR
ARQA201;DISEÑO ARQUITECTÓNICO II: LA LECTURA DEL LUGAR
ARQA201;DISEÑO ARQUITECTÓNICO II: LA LECTURA DEL LUGAR
TGTV503;EMPRENDIMIENTO E INNOVACCIÓN
ARQA203;GEOMETRÍA DESCRIPTIVA: PERCEPCIÓN TRIDIMENSIONAL
FAI015;EMPRENDIMIENTO E INNOVACIÓN
ARQA204;HISTORIA DE LA ARQUITECTURA I
DAI555;EMPRENDIMIENTO E INNOVACIÓN
ARQA205;CONSTRUCCIÓN II: RECURSOS
PDS021;ENFOQUES ALTERNATIVOS DEL DESARROLLO
ARQA206;MODELACIÓN
INS102;INGLES II
INS102;INGLES II
INS102;INGLES II
INS102;INGLES II
PDS012;ENFOQUES CLÁSICOS DEL DESARROLLO
ARQA303;CONSTRUCCIÓN III: CONSTRUCCIÓN DE EDIFICACIONES
ARQA303;CONSTRUCCIÓN III: CONSTRUCCIÓN DE EDIFICACIONES
ARQA303;CONSTRUCCIÓN III: CONSTRUCCIÓN DE EDIFICACIONES
PDS022;ÉNFOQUES Y PENSAMIENTO ADMINISTRATIVO
ARQA305;DIBUJO ARQUITECTÓNICO
ARQA305;DIBUJO ARQUITECTÓNICO
601HE;EPIDEMIOLOGÍA
ARQA301;DISEÑO ARQUITECTÓNICO III: VIVIENDA Y MODOS DE HABITAR
ARQA301;DISEÑO ARQUITECTÓNICO III: VIVIENDA Y MODOS DE HABITAR
ARQA301;DISEÑO ARQUITECTÓNICO III: VIVIENDA Y MODOS DE HABITAR
SST503;EPIDEMIOLOGÍA EN SST
ARQA304;ECOLOGÍA URBANA
PDS046;EPISTEMOLOGÍA APLICADA
ARQA302;HISTORIA DE LA ARQUITECTURA II
ARQA302;HISTORIA DE LA ARQUITECTURA II
INS103;INGLES III
INS103;INGLES III
HA100;EPISTEMOLOGIA I
ARQA401;REPRESENTACIÓN DIGITAL I
NA110;ESTADISTICA
ARQA402;DISEÑO ARQUITECTÓNICO IV: EL HÁBITAT COLECTIVO
ARQA402;DISEÑO ARQUITECTÓNICO IV: EL HÁBITAT COLECTIVO
ARQA402;DISEÑO ARQUITECTÓNICO IV: EL HÁBITAT COLECTIVO
AET306;ESTADÍSTICA
ARQA404;ARQUITECTURA Y SOSTENIBILIDAD
FAI006;ESTADÍSTICA
ARQA405;TEORÍA DE LA ARQUITECTURA I
ARQA405;TEORÍA DE LA ARQUITECTURA I
INS104;INGLES IV
INS104;INGLES IV
TGTV404;ESTADÍSTICA
ARQA501;REPRESENTACIÓN DIGITAL II
PDS010;ESTADÍSTICA APLICADA
ARQA502;DISEÑO ARQUITECTÓNICO V: ESPACIOS DE INTERCAMBIO COMERCIAL
ARQA502;DISEÑO ARQUITECTÓNICO V: ESPACIOS DE INTERCAMBIO COMERCIAL
ARQA502;DISEÑO ARQUITECTÓNICO V: ESPACIOS DE INTERCAMBIO COMERCIAL
ARQA502;DISEÑO ARQUITECTÓNICO V: ESPACIOS DE INTERCAMBIO COMERCIAL
ARQA502;DISEÑO ARQUITECTÓNICO V: ESPACIOS DE INTERCAMBIO COMERCIAL
BIO401;ESTADÍSTICA GENERAL
ARQA503;BIOCLIMÁTICA
ICO302;ESTADÍSTICA INFERENCIAL
ARQA504;TEORÍA DE LA ARQUITECTURA II
ICO201;ESTADOS FINANCIEROS
ARQA601;REPRESENTACIÓN DIGITAL III: HERRAMIENTAS DE DISEÑO AVANZADO
PGC202;ESTÉTICA CULINARIA
ARQA602;DISEÑO ARQUITECTÓNICO VI: EDIFICIO Y ESPACIO PÚBLICO EN LADERA
ARQA602;DISEÑO ARQUITECTÓNICO VI: EDIFICIO Y ESPACIO PÚBLICO EN LADERA
ARQA602;DISEÑO ARQUITECTÓNICO VI: EDIFICIO Y ESPACIO PÚBLICO EN LADERA
EPU003;ESTRATEGIAS URBANAS
ARQA603;HABITABILIDAD Y CONFORT
HC100;ETICA
ARQA604;TEORÍA URBANA
FAI016;ÉTICA
ARQA605;CONSTRUCCIÓN V: INSTALACIONES BÁSICAS Y ESPECIALES
INS105;INGLÉS V
INS105;INGLÉS V
DAI225;ÉTICA
ARQA701;DISEÑO ARQUITECTÓNICO VII: LA CIUDAD DENTRO DE LA CIUDAD
ARQA701;DISEÑO ARQUITECTÓNICO VII: LA CIUDAD DENTRO DE LA CIUDAD
ARQA701;DISEÑO ARQUITECTÓNICO VII: LA CIUDAD DENTRO DE LA CIUDAD
SST504;ETICA APLICADA SST
ARQA702;METODOLOGÍA DE LA INVESTIGACIÓN
ARQA702;METODOLOGÍA DE LA INVESTIGACIÓN
ARQA702;METODOLOGÍA DE LA INVESTIGACIÓN
ARQA702;METODOLOGÍA DE LA INVESTIGACIÓN
BIO603;ÉTICA PARA LAS CIENCIAS DE LA VIDA
ARQA703;ORDENAMIENTO TERRITORIAL
ARQA703;ORDENAMIENTO TERRITORIAL
ARQA703;ORDENAMIENTO TERRITORIAL
INS106;INGLÉS VI
INS106;INGLÉS VI
PGC706;ÉTICA PROFESIONAL
TSG201;ÉTICA PROFESIONAL
TGTV505;ÉTICA PROFESIONAL
ARQA7055;TÉCNICA
PDS047;ÉTICA PROFESIONAL
FAI022;GESTIÓN AMBIENTAL
GC611;ÉTICA PROFESIONAL
ARQA801;ANTEPROYECTO DE INVESTIGACIÓN
IA804;EVALUACIÓN DE IMPACTO AMBIENTAL
ARQA802;DISEÑO ARQUITECTÓNICO VIII: EDIFICIO DE USO MIXTO,MODOS DE HABITAR LA CIUDAD DE HOY
ARQA802;DISEÑO ARQUITECTÓNICO VIII: EDIFICIO DE USO MIXTO,MODOS DE HABITAR LA CIUDAD DE HOY
ARQA802;DISEÑO ARQUITECTÓNICO VIII: EDIFICIO DE USO MIXTO,MODOS DE HABITAR LA CIUDAD DE HOY
ARQA802;DISEÑO ARQUITECTÓNICO VIII: EDIFICIO DE USO MIXTO,MODOS DE HABITAR LA CIUDAD DE HOY
TGA504;EVALUACION DEL IMPACTO AMBIENTAL
TGTV4011;EVENTOS I
ARQA8033;ORDENAMIENTO TERRITORIAL II
TGTV5011;EVENTOS II
ARQA8031;PAISAJE II
INS025;EXPRESIÓN CREATIVA
ARQA804;GESTIÓN DE LA CONSTRUCCIÓN I: PRESUPUESTO Y PROGRAMACIÓN
DAI115;EXPRESIÓN ORAL Y ESCRITA
CV1001;ADMINISTRACION Y GERENCIA DE LA CONSTRUCCION
CV1001;ADMINISTRACION Y GERENCIA DE LA CONSTRUCCION
EPU008;FENÓMENOS URBANOS EN LA CIUDAD LATINOAMERICANA
CV1003;INTERVENTORIA DE OBRAS
INS0135;FILOSOFÍA PARA LA VIDA Y OTRAS SITUACIONES PELIGROSAS
CV1004;REHABILITACION Y MANTENIMIENTO DE EDIFICACIONES
ICO8042;FINANZAS DE MERCADEO
CV1002;SALUD OCUPACIONAL Y SEGURIDAD INDUSTRIAL
CV1002;SALUD OCUPACIONAL Y SEGURIDAD INDUSTRIAL
FAI008;FÍSICA
CV1005;SERVICIO SOCIAL
BIO302;FÍSICA
CV401;FUNDAMENTOS Y METODOLOGIA DE LA INVESTIGACION
SST201;FÍSICA
301HF;FISIOLOGIA
INS081;FOLCLOR Y BAILES TRADICIONALES
CV604;OBRA BLANCA
INS002;FORMACION DEMOCRATICA Y CIUDADANA
CV6082;ADMINISTRACION Y GESTION DE LA CONSTRUCCION
HB100;FORMACION DEMOCRATICA Y CIUDADANA
TSG101;FORMACIÓN DEMOCRATICA Y CIUDADANA
PGC406;FORMACIÓN DEMOCRÁTICA Y CIUDADANA
CV708;CONSTRUCCION DE OBRA BLANCA
DAI114;FORMACIÓN DEMOCRÁTICA Y CIUDADANA
CV704;ANALISIS ESTRUCTURAL
SST305;FORMACIÓN DEMOCRÁTICA Y CIUDADANA
CV703;CONSTRUCCION SOSTENIBLE II
PDS03;FORMACIÓN DEMOCRÁTICA Y CIUDADANA
CV705;CONSTRUCCIONES EN MADERA
CV705;CONSTRUCCIONES EN MADERA
GC415;FORMULACIÓN DE PROYECTOS SOCIALES Y COMUNITARIOS
CV701;CONTRATACION DE OBRA
PDS041;FORMULACIÓN DEL PROYECTO DE INVESTIGACIÓN - TRABAJO DE GRADO
AE801;FORMULACION Y EVALUACION DE PROYECTOS
CV802;FORMULACION Y EVALUACION DE PROYECTOS
ICO803;FORMULACIÓN Y EVALUACIÓN DE PROYECTOS
CV805;CONSTRUCCION DE AMOBLAMIENTO URBANO
SST406;FORMULACIÓN Y EVALUACIÓN DE PROYECTOS
CV807;CONSTRUCCION EN ESTRUCTURAS METALICAS
TGA502;FORMULACION Y EVALUACION DE PROYECTOS AMBIENTALES
CV801;DISEÑOS INVESTIGATIVOS
CV801;DISEÑOS INVESTIGATIVOS
IA703;FORMULACIÓN Y EVALUACIÓN DE PROYECTOS AMBIENTALES
CV802;FORMULACION Y EVALUACION DE PROYECTOS
CV802;FORMULACION Y EVALUACION DE PROYECTOS
CV802;FORMULACION Y EVALUACION DE PROYECTOS
PDS025;FORMULACIÓN Y EVALUACIÓN DE PROYECTOS SOCIALES
CV804;GESTION DEL RIESGO
INS026;FOTOGRAFÍA
CV806;GESTION Y ASEGURAMIENTO DE LA CALIDAD
TSG202;FRANCÉS
CV8081;INFRAESTRUCTURA VIAL III
TGTV203;FUNDAMENTACIÓN CONTABLE
AET101;FUNDAMENTOS DE ADMINISTRACIÓN
CV803;PROGRAMACION DE OBRAS
CV803;PROGRAMACION DE OBRAS
ICO203;FUNDAMENTOS DE ECONOMÍA
401EK;FUNDAMENTOS DE FARMACOLOGIA Y TOXICOLOGIA
TGC502;FUNDAMENTOS DE FOTOGRAMETRÍA Y FOTOINTERPRETACIÓN
CV901;PROYECTO DE INVESTIGACION
CV901;PROYECTO DE INVESTIGACION
ICO403;FUNDAMENTOS DE MERCADEO
CC102;DIBUJO
CC102;DIBUJO
PGC403;FUNDAMENTOS DE MERCADEO
CC101;INTRODUCCIÓN A LA CONSTRUCCIÓN
INS002;FORMACION DEMOCRATICA Y CIUDADANA
INS002;FORMACION DEMOCRATICA Y CIUDADANA
INS002;FORMACION DEMOCRATICA Y CIUDADANA
INS101;INGLES I
INS101;INGLES I
FAI021;QUÍMICA Y LABORATORIO
FAI021;QUÍMICA Y LABORATORIO
FAI021;QUÍMICA Y LABORATORIO
FAI021;QUÍMICA Y LABORATORIO
FAI021;QUÍMICA Y LABORATORIO
FAI021;QUÍMICA Y LABORATORIO
PDS08;FUNDAMENTOS DE SOCIOLOGÍA
CC203;CIENCIA DE LOS MATERIALES Y LABORATORIO
CC203;CIENCIA DE LOS MATERIALES Y LABORATORIO
GC211;FUNDAMENTOS PARA LA INTERVENCIÓN COMUNITARIA
CC204;LEVANTAMIENTO E INTERPRETACIÓN DE PLANOS
GC314;FUNDAMENTOS Y HERRAMIENTAS DE LA COMUNICACIÓN COMUNITARIA
CC202;MAQUINARIA Y EQUIPO
INS102;INGLES II
INS102;INGLES II
INS102;INGLES II
CV401;FUNDAMENTOS Y METODOLOGIA DE LA INVESTIGACION
CC201;OBRA NEGRA
DAI445;FUNDAMENTOS Y METODOLOGÍA DE LA INVESTIGACIÓN
FAI024;GEOMETRÍA DESCRIPTIVA
SA120;FUNDAMIENTOS DE ADMINISTRACION
CC302;SUELOS Y LABORATORIO
CC302;SUELOS Y LABORATORIO
PGC401;GASTROTECNOLOGÍA
INS103;INGLES III
SA230;GENETICA
CC403;ANÁLISIS DE MATERIALES Y LABORATORIO
BIO205;GENÉTICA
CC402;VÍAS Y PAVIMENTOS
CC402;VÍAS Y PAVIMENTOS
INS104;INGLES IV
INS104;INGLES IV
TGC501;GEOESTADÍSTICA
CC404;DIBUJO ASISTIDO POR COMPUTADOR
FAI022;GESTIÓN AMBIENTAL
FAI022;GESTIÓN AMBIENTAL
AET303;GEOGRAFÍA TURÍSTICA
CC501;CONSTRUCCIÓN DE INSTALACIONES ELÉCTRICAS
CC501;CONSTRUCCIÓN DE INSTALACIONES ELÉCTRICAS
TGC103;GEOGRAFIA Y CARTOGRAFIA
PDS014;GEOGRAFÍA, MÉTODOS Y TÉCNICAS
CC505;MEZCLAS Y CONCRETO
CC505;MEZCLAS Y CONCRETO
CC505;MEZCLAS Y CONCRETO
IA302;GEOLOGÍA AMBIENTAL
CC506;LEGISLACIÓN LABORAL
CC506;LEGISLACIÓN LABORAL
FAI002;GEOMETRÍA
FAI020;GEOMETRÍA
CC503;NORMATIVIDAD DE LA CONSTRUCCIÓN
CC503;NORMATIVIDAD DE LA CONSTRUCCIÓN
INS105;INGLÉS V
INS105;INGLÉS V
DAI111;GEOMETRÍA APLICADA
CC602;CONSTRUCCIÓN DE INSTALACIONES HIDRÁULICAS
CC602;CONSTRUCCIÓN DE INSTALACIONES HIDRÁULICAS
FAI024;GEOMETRÍA DESCRIPTIVA
CC601;CONSTRUCCIÓN DE INSTALACIONES EN REDES DE GAS
ARQA203;GEOMETRÍA DESCRIPTIVA: PERCEPCIÓN TRIDIMENSIONAL
CC607;LEGISLACIÓN COMERCIAL Y TRIBUTARIA
CC607;LEGISLACIÓN COMERCIAL Y TRIBUTARIA
CMA014;GEOPOLITICA
PDS032;GEOPOLÍTICA LOCAL Y GLOBAL
CC604;CONSTRUCCIÓN DE INSTALACIONES ESPECIALES
ICO706;GERENCIA DE MERCADEO
CC603;COSTOS Y PRESUPUESTO DE OBRA
PDS038;GERENCIA DE PROYECTOS SOCIALES
CC606;PATOLOGÍA DE LA EDIFICACIÓN
AET401;GERENCIA DEL TALENTO HUMANO
AE704;GERENCIA ESTRATEGICA
TSG104;GESTIÓN ADMINISTRATIVA
TGTV102;GESTIÓN ADMINISTRATIVA
FAI022;GESTIÓN AMBIENTAL
IA801;GESTIÓN AMBIENTAL
TGA304;GESTION AMBIENTAL EMPRESARIAL
IA402;GESTIÓN DE ECOSISTEMAS
INS087;GESTIÓN DE LA CALIDAD
EGR010;ELECTIVA I
EGR010;ELECTIVA I
TGTV502;GESTIÓN DE LA CALIDAD EN EMPRESAS TURISTICAS
ARQA804;GESTIÓN DE LA CONSTRUCCIÓN I: PRESUPUESTO Y PROGRAMACIÓN
TSG304;GESTIÓN DE MERCADEO
TSG402;GESTIÓN DE OPERACIONES GASTRONÓMICAS
GC514;GESTIÓN DE PROYECTOS SOCIALES Y COMUNITARIOS
EGR009;ORGANIZACIÓN PARA LA GESTIÓN DEL RIESGO ARTICULADO AL ORDENAMIENTO TERRITORIAL Y A LA PLANIFICACIÓN DEL DESARROLLO
ECS203;GESTIÓN DE RCD
TGA402;GESTION DE RESIDUOS (RSU Y PELIGROSOS)
IA902;GESTIÓN DE RESIDUOS PELIGROSOS
IA802;GESTIÓN DE RESIDUOS SÓLIDOS
ICO502;GESTIÓN DE VENTAS
TGTV304;GESTIÓN DE VENTAS
IA7004;GESTIÓN DEL AGUA I (ACUEDUCTO)
IA8004;GESTIÓN DEL AGUA II (ALCANTARILLADO)
IA9004;GESTIÓN DEL AGUA III (SISTEMAS DE BOMBEO)
TGA302;GESTION DEL AIRE
EPU010;SEMINARIO DE CIUDAD II
TGA503;GESTION DEL RECURSO HIDRICO
CV804;GESTION DEL RIESGO
FAI001;MATEMÁTICAS OPERATIVAS
FAI001;MATEMÁTICAS OPERATIVAS
FAI001;MATEMÁTICAS OPERATIVAS
FAI002;GEOMETRÍA
FAI002;GEOMETRÍA
FAI002;GEOMETRÍA
FAI002;GEOMETRÍA
FAI002;GEOMETRÍA
FAI002;GEOMETRÍA
FAI002;GEOMETRÍA
FAI002;GEOMETRÍA
FAI002;GEOMETRÍA
FAI001;MATEMÁTICAS OPERATIVAS
FAI001;MATEMÁTICAS OPERATIVAS
FAI001;MATEMÁTICAS OPERATIVAS
FAI001;MATEMÁTICAS OPERATIVAS
FAI001;MATEMÁTICAS OPERATIVAS
FAI001;MATEMÁTICAS OPERATIVAS
FAI001;MATEMÁTICAS OPERATIVAS
FAI001;MATEMÁTICAS OPERATIVAS
FAI001;MATEMÁTICAS OPERATIVAS
FAI001;MATEMÁTICAS OPERATIVAS
FAI001;MATEMÁTICAS OPERATIVAS
FAI001;MATEMÁTICAS OPERATIVAS
FAI001;MATEMÁTICAS OPERATIVAS
FAI001;MATEMÁTICAS OPERATIVAS
FAI001;MATEMÁTICAS OPERATIVAS
FAI001;MATEMÁTICAS OPERATIVAS
FAI001;MATEMÁTICAS OPERATIVAS
FAI001;MATEMÁTICAS OPERATIVAS
TGA30103;GESTION DEL RIESGO I
IA101;BIOLOGÍA
IA101;BIOLOGÍA
IA101;BIOLOGÍA
IA101;BIOLOGÍA
IA101;BIOLOGÍA
IA7001;GESTIÓN DEL RIESGO I
IA102;INTRODUCCIÓN A LA INGENIERÍA AMBIENTAL
TGA40103;GESTION DEL RIESGO II
IA100;QUÍMICA I
IA100;QUÍMICA I
IA100;QUÍMICA I
IA100;QUÍMICA I
IA100;QUÍMICA I
IA100;QUÍMICA I
IA100;QUÍMICA I
IA100;QUÍMICA I
INS002;FORMACION DEMOCRATICA Y CIUDADANA
INS002;FORMACION DEMOCRATICA Y CIUDADANA
FAI003;LECTOESCRITURA Y HABILIDADES COMUNICATIVAS
FAI003;LECTOESCRITURA Y HABILIDADES COMUNICATIVAS
FAI017;PRÁCTICA LABORAL
FAI004;CALCULO DIFERENCIAL
FAI004;CALCULO DIFERENCIAL
FAI004;CALCULO DIFERENCIAL
FAI004;CALCULO DIFERENCIAL
FAI004;CALCULO DIFERENCIAL
FAI004;CALCULO DIFERENCIAL
FAI004;CALCULO DIFERENCIAL
FAI004;CALCULO DIFERENCIAL
FAI006;ESTADÍSTICA
FAI006;ESTADÍSTICA
FAI006;ESTADÍSTICA
FAI006;ESTADÍSTICA
FAI006;ESTADÍSTICA
FAI006;ESTADÍSTICA
FAI006;ESTADÍSTICA
FAI006;ESTADÍSTICA
FAI006;ESTADÍSTICA
FAI006;ESTADÍSTICA
FAI005;ÁLGEBRA LINEAL Y MODELOS CUANTITATIVOS
FAI005;ÁLGEBRA LINEAL Y MODELOS CUANTITATIVOS
FAI005;ÁLGEBRA LINEAL Y MODELOS CUANTITATIVOS
IA8001;GESTIÓN DEL RIESGO II
IA201;DIBUJO
IA201;DIBUJO
IA201;DIBUJO
TGA50103;GESTION DEL RIESGO III
IA200;QUÍMICA II
IA200;QUÍMICA II
IA200;QUÍMICA II
IA200;QUÍMICA II
IA200;QUÍMICA II
IA9001;GESTIÓN DEL RIESGO III
FAI007;CÁLCULO INTEGRAL
FAI007;CÁLCULO INTEGRAL
FAI007;CÁLCULO INTEGRAL
FAI007;CÁLCULO INTEGRAL
FAI007;CÁLCULO INTEGRAL
FAI007;CÁLCULO INTEGRAL
FAI008;FÍSICA
FAI008;FÍSICA
FAI008;FÍSICA
FAI008;FÍSICA
FAI008;FÍSICA
FAI008;FÍSICA
FAI008;FÍSICA
FAI008;FÍSICA
FAI008;FÍSICA
ICO701;GESTIÓN DEL TALENTO HUMANO
IA301;ECOLOGÍA
IA301;ECOLOGÍA
TGTV204;GESTIÓN DEL TALENTO HUMANO
IA302;GEOLOGÍA AMBIENTAL
IA302;GEOLOGÍA AMBIENTAL
IA302;GEOLOGÍA AMBIENTAL
ICO902;GESTIÓN ESTRATÉGICA COMERCIAL Y DE MERCADEO
IA300;QUÍMICA III
IA300;QUÍMICA III
IA300;QUÍMICA III
IA300;QUÍMICA III
IA300;QUÍMICA III
TGTV202;GESTIÓN MERCADEO TURÍSTICO
FAI009;CÁLCULO VARIAS VARIABLES
FAI009;CÁLCULO VARIAS VARIABLES
TSG303;GESTIÓN SERVICIOS GASTRONÓMICOS
FAI010;TOPOGRAFÍA
FAI010;TOPOGRAFÍA
FAI010;TOPOGRAFÍA
FAI010;TOPOGRAFÍA
FAI010;TOPOGRAFÍA
FAI010;TOPOGRAFÍA
FAI010;TOPOGRAFÍA
FAI010;TOPOGRAFÍA
FAI010;TOPOGRAFÍA
FAI010;TOPOGRAFÍA
FAI010;TOPOGRAFÍA
EPU005;GESTIÓN SOCIO-AMBIENTAL EN ÁREAS URBANAS
IA403;ECONOMÍA AMBIENTAL
IA403;ECONOMÍA AMBIENTAL
IA403;ECONOMÍA AMBIENTAL
IA403;ECONOMÍA AMBIENTAL
ICO901;GESTIÓN TECNOLÓGICA
IA402;GESTIÓN DE ECOSISTEMAS
IA402;GESTIÓN DE ECOSISTEMAS
CV806;GESTION Y ASEGURAMIENTO DE LA CALIDAD
IA401;MECÁNICA DE FLUIDOS
IA401;MECÁNICA DE FLUIDOS
IA401;MECÁNICA DE FLUIDOS
IA401;MECÁNICA DE FLUIDOS
IA401;MECÁNICA DE FLUIDOS
TGTV301;GESTIÓN Y DESARROLLO DEL TURISMO
IA400;TERMODINÁMICA
IA400;TERMODINÁMICA
IA400;TERMODINÁMICA
TSG102;HABILIDADES COMUNICATIVAS
IA504;COSTOS Y PRESUPUESTOS
IA504;COSTOS Y PRESUPUESTOS
IA504;COSTOS Y PRESUPUESTOS
FAI011;ECUACIONES DIFERENCIALES
FAI011;ECUACIONES DIFERENCIALES
FAI011;ECUACIONES DIFERENCIALES
FAI011;ECUACIONES DIFERENCIALES
PDS031;HABILIDADES COMUNICATIVAS
IA503;DIAGNÓSTICO DE AGUAS
IA503;DIAGNÓSTICO DE AGUAS
AET105;HABILIDADES COMUNICATIVAS Y PROTOCOLO
IA500;HIDRÁULICA
IA500;HIDRÁULICA
IA500;HIDRÁULICA
PGC106;HABILIDADES COMUNICATIVAS Y PROTOCOLO
IA501;HIDROLOGÍA
IA501;HIDROLOGÍA
IA501;HIDROLOGÍA
TGTV104;HABILIDADES COMUNICATIVAS Y PROTOCOLO
IA502;MICROBIOLOGÍA AMBIENTAL
IA502;MICROBIOLOGÍA AMBIENTAL
IA502;MICROBIOLOGÍA AMBIENTAL
IA502;MICROBIOLOGÍA AMBIENTAL
AET501;HABILIDADES GERENCIALES
IA600;DIAGNÓSTICO DEL AIRE
IA600;DIAGNÓSTICO DEL AIRE
INS0125;HABILIDADES PARA LA VIDA: MANEJO DE LAS EMOCIONES Y LOS SENTIMIENTOS
IA601;DIAGNÓSTICO DEL SUELO
IA601;DIAGNÓSTICO DEL SUELO
FAI013;INGENIERÍA ECONÓMICA
FAI013;INGENIERÍA ECONÓMICA
FAI013;INGENIERÍA ECONÓMICA
ARQA603;HABITABILIDAD Y CONFORT
IA604;LEGISLACIÓN AMBIENTAL
IA604;LEGISLACIÓN AMBIENTAL
FAI012;SISTEMAS DE GESTIÓN
FAI012;SISTEMAS DE GESTIÓN
FAI012;SISTEMAS DE GESTIÓN
501EI;HEMATOLOGIA I
IA602;SISTEMAS DE INFORMACIÓN GEOGRÁFICA
601EB;HEMATOLOGIA II Y BANCO DE SANGRE
IA603;BIOTECNOLOGÍA AMBIENTAL
IA603;BIOTECNOLOGÍA AMBIENTAL
INS0119;HERRAMIENTAS INFORMÁTICAS PARA EL MERCADO LABORAL
IA703;FORMULACIÓN Y EVALUACIÓN DE PROYECTOS AMBIENTALES
IA703;FORMULACIÓN Y EVALUACIÓN DE PROYECTOS AMBIENTALES
IA703;FORMULACIÓN Y EVALUACIÓN DE PROYECTOS AMBIENTALES
FAI014;METODOLOGÍA DE LA INVESTIGACIÓN
FAI014;METODOLOGÍA DE LA INVESTIGACIÓN
FAI014;METODOLOGÍA DE LA INVESTIGACIÓN
FAI014;METODOLOGÍA DE LA INVESTIGACIÓN
GC511;HERRAMIENTAS PARA LA GESTIÓN AMBIENTAL
IA7001;GESTIÓN DEL RIESGO I
TGTV402;HERRAMIENTAS WEB PARA EL TURISMO
IA500;HIDRÁULICA
IA501;HIDROLOGÍA
TGA205;HIDROMETEROLOGIA
IA704;TRATAMIENTO DE  AGUAS
IA704;TRATAMIENTO DE  AGUAS
IA704;TRATAMIENTO DE  AGUAS
PDS015;HISTORIA DE COLOMBIA Y PROBLEMÁTICA CONTEMPORÁNEA
IA701;TRATAMIENTO DEL  AIRE
IA701;TRATAMIENTO DEL  AIRE
DAI113;HISTORIA DE LA ARQUITECTURA  Y LA INGENIERÍA
IA702;TRATAMIENTO DEL SUELO
IA702;TRATAMIENTO DEL SUELO
ARQA204;HISTORIA DE LA ARQUITECTURA I
IA805;ANTEPROYECTO DE INVESTIGACIÓN
IA805;ANTEPROYECTO DE INVESTIGACIÓN
IA805;ANTEPROYECTO DE INVESTIGACIÓN
ARQA302;HISTORIA DE LA ARQUITECTURA II
IA804;EVALUACIÓN DE IMPACTO AMBIENTAL
IA804;EVALUACIÓN DE IMPACTO AMBIENTAL
ARQ10044;ILUMINACION NATURAL
IA801;GESTIÓN AMBIENTAL
IA801;GESTIÓN AMBIENTAL
IA801;GESTIÓN AMBIENTAL
PGC306;IMAGEN Y AMBIENTACIÓN
IA802;GESTIÓN DE RESIDUOS SÓLIDOS
IA802;GESTIÓN DE RESIDUOS SÓLIDOS
IA802;GESTIÓN DE RESIDUOS SÓLIDOS
INS003;INFORMATICA
IA8001;GESTIÓN DEL RIESGO II
PGC206;INFORMÁTICA APLICADA
TSG204;INFORMÁTICA APLICADA
PDS011;INFORMÁTICA BÁSICA
GC215;INFORMÁTICA BÁSICA
IA803;SEGURIDAD Y SALUD EN EL TRABAJO
CA100;INFORMATICA I
IA902;GESTIÓN DE RESIDUOS PELIGROSOS
IA902;GESTIÓN DE RESIDUOS PELIGROSOS
IA902;GESTIÓN DE RESIDUOS PELIGROSOS
ARQ1003;INFORME DE INVESTIGACION
IA9001;GESTIÓN DEL RIESGO III
DAI510;INFORME DE INVESTIGACION
IA9002;ORDENAMIENTO TERRITORIAL III
ECS201;INFRAESTRUCTURA VERDE
CV6081;INFRAESTRUCTURA VIAL
CV7071;INFRAESTRUCTURA VIAL II
IA903;PROYECTO DE INVESTIGACIÓN
IA903;PROYECTO DE INVESTIGACIÓN
IA903;PROYECTO DE INVESTIGACIÓN
IA903;PROYECTO DE INVESTIGACIÓN
IA903;PROYECTO DE INVESTIGACIÓN
CV8081;INFRAESTRUCTURA VIAL III
IA901;SOSTENIBILIDAD AMBIENTAL
IA901;SOSTENIBILIDAD AMBIENTAL
FAI015;EMPRENDIMIENTO E INNOVACIÓN
FAI015;EMPRENDIMIENTO E INNOVACIÓN
FAI015;EMPRENDIMIENTO E INNOVACIÓN
FAI015;EMPRENDIMIENTO E INNOVACIÓN
BIO6061;INGENIERÍA BIOQUÍMICA
FAI016;ÉTICA
FAI016;ÉTICA
FAI016;ÉTICA
FAI016;ÉTICA
BIO502;INGENIERÍA DE BIOPROCESOS
INS003;INFORMATICA
INS003;INFORMATICA
AET502;INGENIERÍA ECONÓMICA
FAI013;INGENIERÍA ECONÓMICA
DAI3045;INTRODUCCION A LA ARQUITECTURA I
ICO501;INGENIERÍA VERDE
INS101;INGLES I
PGC107;INGLÉS I
DAI402;DIBUJO DE ESTRUCTURAS I
CMA101;INGLÉS I
SST105;INGLÉS I
DAI4061;PATRIMONIO II
PDS037;INGLÉS I
INS102;INGLES II
DAI501;DIBUJO DE ESTRUCTURAS II
PGC207;INGLÉS II
DAI503;DIBUJO MECÁNICO I
DAI503;DIBUJO MECÁNICO I
CMA102;INGLÉS II
DAI510;INFORME DE INVESTIGACION
DAI510;INFORME DE INVESTIGACION
SST205;INGLÉS II
DAI505;MANEJO DE INSTRUMENTOS DIGITALES IV
PDS043;INGLÉS II
DAI5063;ORDENAMIENTO TERRITORIAL III
INS103;INGLES III
DAI5061;PATRIMONIO III
PGC307;INGLÉS III
CMA103;INGLÉS III
DAI512;SERVICIO SOCIAL
SST306;INGLÉS III
DAI602;DIBUJO MECANICO II
DAI602;DIBUJO MECANICO II
INS104;INGLES IV
PGC407;INGLÉS IV
DAI111;GEOMETRÍA APLICADA
DAI111;GEOMETRÍA APLICADA
DAI111;GEOMETRÍA APLICADA
DAI111;GEOMETRÍA APLICADA
DAI111;GEOMETRÍA APLICADA
CMA104;INGLÉS IV
DAI113;HISTORIA DE LA ARQUITECTURA  Y LA INGENIERÍA
SST405;INGLÉS IV
DAI112;MANEJO DE INSTRUMENTOS MANUALES
DAI112;MANEJO DE INSTRUMENTOS MANUALES
DAI112;MANEJO DE INSTRUMENTOS MANUALES
DAI112;MANEJO DE INSTRUMENTOS MANUALES
DAI112;MANEJO DE INSTRUMENTOS MANUALES
PGC507;INGLES V
DAI114;FORMACIÓN DEMOCRÁTICA Y CIUDADANA
INS105;INGLÉS V
DAI115;EXPRESIÓN ORAL Y ESCRITA
INS106;INGLÉS VI
DAI222;COLOR, AMBIENTACIÓN E IMAGEN
DAI222;COLOR, AMBIENTACIÓN E IMAGEN
PGC607;INGLÉS VI
DAI223;DIBUJO ARQUITECTÓNICO I (BAJA COMPLEJIDAD)
DAI223;DIBUJO ARQUITECTÓNICO I (BAJA COMPLEJIDAD)
301EG;INMUNOLOGIA
DAI221;MANEJO DE INSTRUMENTOS DIGITALES I (2D BÁSICO)
DAI221;MANEJO DE INSTRUMENTOS DIGITALES I (2D BÁSICO)
BIO7052;INMUNOLOGÍA Y TERAPIA
DAI220;DIBUJO DE INGENIERÍA I (ESTRUCTURAS DE BAJA COMPLEJIDAD )
DAI220;DIBUJO DE INGENIERÍA I (ESTRUCTURAS DE BAJA COMPLEJIDAD )
DAI220;DIBUJO DE INGENIERÍA I (ESTRUCTURAS DE BAJA COMPLEJIDAD )
INS101;INGLES I
INS101;INGLES I
PGC703;INNOVACIÓN Y DESARROLLO DE PRODUCTOS GASTRONÓMICOS
DAI225;ÉTICA
TSG502;INNOVACIÓN, CREATIVIDAD Y EMPRENDIMIENTO
DAI224;MODELACIÓN MANUAL
DAI224;MODELACIÓN MANUAL
INS0115;INTELIGENCIA DE NEGOCIOS
DAI334;NORMATIVIDAD
BIO505;INTERACCIÓN CELULAR
DAI333;DIBUJO TOPOGRÁFICO I (MANUAL)
DAI333;DIBUJO TOPOGRÁFICO I (MANUAL)
INS102;INGLES II
INS102;INGLES II
INS102;INGLES II
CV1003;INTERVENTORIA DE OBRAS
DAI336;PROCESOS CONSTRUCTIVOS
PGC204;INTRODUCCIÓN A LA ADMINISTRACIÓN
DAI335;MODELACIÓN DIGITAL
DAI335;MODELACIÓN DIGITAL
DAI3045;INTRODUCCION A LA ARQUITECTURA I
DAI331;MANEJO DE INSTRUMENTOS DIGITALES II (2D AVANZADO - 3D BÁSICO)
DAI331;MANEJO DE INSTRUMENTOS DIGITALES II (2D AVANZADO - 3D BÁSICO)
DAI4065;INTRODUCCION A LA ARQUITECTURA II
DAI330;DIBUJO DE INGENIERÍA II (INSTALACIONES Y DETALLES CONSTRUCTIVOS DE BAJA COMPLEJIDAD)
DAI330;DIBUJO DE INGENIERÍA II (INSTALACIONES Y DETALLES CONSTRUCTIVOS DE BAJA COMPLEJIDAD)
DAI330;DIBUJO DE INGENIERÍA II (INSTALACIONES Y DETALLES CONSTRUCTIVOS DE BAJA COMPLEJIDAD)
DAI5065;INTRODUCCION A LA ARQUITECTURA III
DAI332;DIBUJO ARQUITECTÓNICO II (MEDIA ALTA COMPLEJIDAD)
BIO103;INTRODUCCIÓN A LA BIOTECNOLOGÍA
DAI442;DIBUJO ARQUITECTÓNICO III (LEVANTAMIENTOS)
BIO203;INTRODUCCIÓN A LA BIOTECNOLOGÍA II
DAI441;MANEJO DE INSTRUMENTOS DIGITALES III (3D AVANZADO-MODELACIÓN PARAMÉTRICA BÁSICA)
DAI441;MANEJO DE INSTRUMENTOS DIGITALES III (3D AVANZADO-MODELACIÓN PARAMÉTRICA BÁSICA)
CC101;INTRODUCCIÓN A LA CONSTRUCCIÓN
DAI444;DIBUJO DE INGENIERÍA III (INSTALACIONES Y ESTRUCTURAS DE MEDIA-ALTA COMPLEJIDAD)
PGC102;INTRODUCCION A LA GASTRONOMIA Y CULINARIA
DAI443;DIBUJO TOPOGRÁFICO II (DIGITAL)
TGA103;INTRODUCCION A LA GESTION AMBIENTAL
DAI440;PRESUPUESTO Y PROGRAMACIÓN
TGTV303;INTRODUCCIÓN A LA GESTIÓN DE SERVICIOS TURÍSTICOS
DAI445;FUNDAMENTOS Y METODOLOGÍA DE LA INVESTIGACIÓN
INS103;INGLES III
IA102;INTRODUCCIÓN A LA INGENIERÍA AMBIENTAL
ICO101;INTRODUCCIÓN A LA INGENIERÍA COMERCIAL
DAI552;CARTOGRAFÍA Y SISTEMAS DE INFORMACIÓN GEOGRÁFICA
GC311;INTRODUCCIÓN A LA INVESTIGACIÓN Y DIAGNÓSTICO SOCIAL
FAI001;MATEMÁTICAS OPERATIVAS
FAI001;MATEMÁTICAS OPERATIVAS
PDS09;INTRODUCCIÓN A LA PLANEACIÓN
TGA101;BIOLOGIA
PDS01;INTRODUCCIÓN A LAS CIENCIAS SOCIALES
INS009;ELECTIVA I
GC111;INTRODUCCIÓN A LAS CIENCIAS SOCIALES
TGA103;INTRODUCCION A LA GESTION AMBIENTAL
PDS023;INTRODUCCIÓN A LOS SISTEMAS DE INFORMACIÓN GEOGRÁFICOS
TGA102;QUIMICA
INS002;FORMACION DEMOCRATICA Y CIUDADANA
INS002;FORMACION DEMOCRATICA Y CIUDADANA
INS101;INGLES I
INS101;INGLES I
INS101;INGLES I
FAI003;LECTOESCRITURA Y HABILIDADES COMUNICATIVAS
FAI003;LECTOESCRITURA Y HABILIDADES COMUNICATIVAS
PDS07;INTRODUCCIÓN AL ANÁLISIS POLÍTICO
TGA203;ECONOMIA AMBIENTAL
FAI006;ESTADÍSTICA
FAI006;ESTADÍSTICA
PDS06;INTRODUCCIÓN AL CAMPO DISCIPLINAR
TGA201;ECOLOGIA
PDS020;INTRODUCCIÓN AL DERECHO ADMINISTRATIVO
SST104;INTRODUCCIÓN AL PROGRAMA SST
TGA205;HIDROMETEROLOGIA
TSG106;INTRODUCCIÓN AL SERVICIO GASTRONÓMICO
TGA204;LEGISLACION AMBIENTAL
AET102;INTRODUCCIÓN AL TURISMO
TGA202;SISTEMAS DE INFORMACION GEOGRAFICA (SIG)
TGTV302;INTRODUCCIÓN AL TURISMO RECEPTIVO
TGA304;GESTION AMBIENTAL EMPRESARIAL
AET402;INTRODUCCIÓN GERENCIA DE INTERMEDIACIÓN Y TRANSPORTE
TGA302;GESTION DEL AIRE
AET504;INTRODUCCIÓN GERENCIA DEL ALOJAMIENTO Y EVENTOS
AE601;INVESTIGACION DE MERCADOS
ICO705;INVESTIGACIÓN DE MERCADOS Y ANÁLISIS DEL ENTORNO
TGA303;PLANIFICACION AMBIENTAL DEL TERRITORIO
GC114;LECTO ESCRITURA Y HABILIDADES COMUNICATIVAS
TGA305;PRINCIPIOS DE ADMINISTRACION AMBIENTAL
INS102;INGLES II
INS102;INGLES II
INS102;INGLES II
FAI003;LECTOESCRITURA Y HABILIDADES COMUNICATIVAS
INS011;ELECTIVA III
SST106;LECTOESCRITURA Y HABILIDADES COMUNICATIVAS
TGA402;GESTION DE RESIDUOS (RSU Y PELIGROSOS)
GC112;LECTURA CONTEXTUAL LOCAL, NACIONAL E INTERNACIONAL
TGA405;METODOLOGIA DE LA INVESTIGACION
TGA204;LEGISLACION AMBIENTAL
TGA40101;CONSTRUCCION SOSTENIBLE II
IA604;LEGISLACIÓN AMBIENTAL
TGA40103;GESTION DEL RIESGO II
TGC402;LEGISLACIÓN CATASTRAL
TGA403;SISTEMAS DE GESTION
ICO301;LEGISLACIÓN COMERCIAL Y LABORAL
TGA404;SOSTENIBILIDAD AMBIENTAL
FAI015;EMPRENDIMIENTO E INNOVACIÓN
INS103;INGLES III
INS103;INGLES III
INS103;INGLES III
CC607;LEGISLACIÓN COMERCIAL Y TRIBUTARIA
TGA504;EVALUACION DEL IMPACTO AMBIENTAL
AET302;LEGISLACIÓN EMPRESARIAL
TGA502;FORMULACION Y EVALUACION DE PROYECTOS AMBIENTALES
ARQ804;LEGISLACION LABORAL
CC506;LEGISLACIÓN LABORAL
TGA50101;CONSTRUCCION SOSTENIBLE III
SST302;LEGISLACIÓN LABORAL
TGA50103;GESTION DEL RIESGO III
ARQ805;LEGISLACION Y NORMATIVIDAD URBANA
TGA505;SEGURIDAD Y SALUD EN EL TRABAJO
TGA505;SEGURIDAD Y SALUD EN EL TRABAJO
FAI016;ÉTICA
INS104;INGLES IV
INS104;INGLES IV
FAI017;PRÁCTICA LABORAL
INS066;LENGUA MATERNA  (VIRTUAL)
TGC102;BASE DE DATOS
TGC102;BASE DE DATOS
CC204;LEVANTAMIENTO E INTERPRETACIÓN DE PLANOS
TGC101;DIBUJO
TGC101;DIBUJO
TGC101;DIBUJO
BIO5061;LINEA MICROBIOLOGÍA INDUSTRIAL
TGC103;GEOGRAFIA Y CARTOGRAFIA
TGC103;GEOGRAFIA Y CARTOGRAFIA
TGC103;GEOGRAFIA Y CARTOGRAFIA
ICO601;LÓGICA DE PROCESOS DE NEGOCIO (BPMN)
FAI020;GEOMETRÍA
FAI020;GEOMETRÍA
FAI020;GEOMETRÍA
INS002;FORMACION DEMOCRATICA Y CIUDADANA
INS002;FORMACION DEMOCRATICA Y CIUDADANA
INS101;INGLES I
INS101;INGLES I
INS101;INGLES I
INS101;INGLES I
CC703;LOGÍSTICA EN PROYECTOS DE CONSTRUCCIÓN
INS0129;LÚDICAS PARA ORIENTAR EL OFICIO DE INVESTIGAR
ICO504;MACROECONOMÍA
TGC201;MATERIALES Y SISTEMAS CONSTRUCTIVOS
EGR008;MANEJO DE DESASTRES
TGC204;ORDENAMIENTO TERRITORIAL
FAI014;METODOLOGÍA DE LA INVESTIGACIÓN
FAI014;METODOLOGÍA DE LA INVESTIGACIÓN
TGC203;MANEJO DE INSTRUMENTOS DIGITALES
DAI221;MANEJO DE INSTRUMENTOS DIGITALES I (2D BÁSICO)
INS102;INGLES II
INS102;INGLES II
INS102;INGLES II
INS102;INGLES II
DAI331;MANEJO DE INSTRUMENTOS DIGITALES II (2D AVANZADO - 3D BÁSICO)
TGC30201;ORDENAMIENTO TERRITORIAL I
DAI441;MANEJO DE INSTRUMENTOS DIGITALES III (3D AVANZADO-MODELACIÓN PARAMÉTRICA BÁSICA)
DAI505;MANEJO DE INSTRUMENTOS DIGITALES IV
DAI112;MANEJO DE INSTRUMENTOS MANUALES
CC202;MAQUINARIA Y EQUIPO
TSG105;MATEMÁTICA
TGC40401;ORDENAMIENTO TERRITORIAL II
INS103;INGLES III
INS103;INGLES III
INS103;INGLES III
INS104;INGLES IV
INS104;INGLES IV
SST101;MATEMÁTICAS
BIO101;MATEMÁTICAS  OPERATIVAS
AET204;MATEMÁTICAS APLICADA
TGTV205;MATEMÁTICAS COMERCIALES
TGC501;GEOESTADÍSTICA
PDS030;MATEMÁTICAS FINANCIERA
NA100;MATEMATICAS GENERAL
FAI015;EMPRENDIMIENTO E INNOVACIÓN
FAI017;PRÁCTICA LABORAL
AET104;MATEMÁTICAS GENERAL
101EM;MORFOLOGIA I
101EM;MORFOLOGIA I
101EM;MORFOLOGIA I
101EM;MORFOLOGIA I
101EM;MORFOLOGIA I
101EM;MORFOLOGIA I
101EM;MORFOLOGIA I
101EM;MORFOLOGIA I
FAI001;MATEMÁTICAS OPERATIVAS
SA200;BIOLOGIA
SA200;BIOLOGIA
SA200;BIOLOGIA
SA200;BIOLOGIA
SA200;BIOLOGIA
PGC101;MATEMÁTICAS OPERATIVAS
SA220;QUIMICA
SA220;QUIMICA
SA220;QUIMICA
SA220;QUIMICA
SA220;QUIMICA
SA220;QUIMICA
SA220;QUIMICA
SA220;QUIMICA
TGC201;MATERIALES Y SISTEMAS CONSTRUCTIVOS
NA100;MATEMATICAS GENERAL
NA100;MATEMATICAS GENERAL
NA100;MATEMATICAS GENERAL
NA100;MATEMATICAS GENERAL
NA100;MATEMATICAS GENERAL
PGC104;MATERIAS PRIMAS
CA100;INFORMATICA I
CA100;INFORMATICA I
CA100;INFORMATICA I
CA100;INFORMATICA I
CA100;INFORMATICA I
TSG107;MATERIAS PRIMAS
NB100;COMPETENCIA LECTORA EN INGLES I
NB100;COMPETENCIA LECTORA EN INGLES I
NB100;COMPETENCIA LECTORA EN INGLES I
IA401;MECÁNICA DE FLUIDOS
201EA;ANALISIS INSTRUMENTAL BIOMEDICO
201EA;ANALISIS INSTRUMENTAL BIOMEDICO
201EA;ANALISIS INSTRUMENTAL BIOMEDICO
201EA;ANALISIS INSTRUMENTAL BIOMEDICO
201EA;ANALISIS INSTRUMENTAL BIOMEDICO
201EA;ANALISIS INSTRUMENTAL BIOMEDICO
201EA;ANALISIS INSTRUMENTAL BIOMEDICO
SST401;MEDICINA DEL TRABAJO
SA240;BIOQUIMICA I
SA240;BIOQUIMICA I
SA240;BIOQUIMICA I
SA240;BIOQUIMICA I
SA240;BIOQUIMICA I
INS0137;MEMORIA HISTÓRICA, PAZ Y CONTEXTOS
NA110;ESTADISTICA
NA110;ESTADISTICA
NA110;ESTADISTICA
NA110;ESTADISTICA
NA110;ESTADISTICA
ICO801;MERCADEO INTERNACIONAL
SA230;GENETICA
SA230;GENETICA
SA230;GENETICA
SA230;GENETICA
SA230;GENETICA
SA230;GENETICA
SA230;GENETICA
SA230;GENETICA
AE6042;MERCADEO TURISTICO
201EM;MORFOLOGIA II
201EM;MORFOLOGIA II
201EM;MORFOLOGIA II
201EM;MORFOLOGIA II
201EM;MORFOLOGIA II
AE7052;MERCADEO TURISTICO II
NB101;COMPETENCIA LECTORA EN INGLES II
NB101;COMPETENCIA LECTORA EN INGLES II
NB101;COMPETENCIA LECTORA EN INGLES II
AE8032;MERCADEO TURISTICO III
301EF;BACTERIOLOGIA I
301EF;BACTERIOLOGIA I
301EF;BACTERIOLOGIA I
301EF;BACTERIOLOGIA I
301EF;BACTERIOLOGIA I
301EF;BACTERIOLOGIA I
301EF;BACTERIOLOGIA I
301EF;BACTERIOLOGIA I
301EF;BACTERIOLOGIA I
301EF;BACTERIOLOGIA I
301EF;BACTERIOLOGIA I
PGC5052;MERCADOS Y CLIENTES I
HA100;EPISTEMOLOGIA I
HA100;EPISTEMOLOGIA I
HA100;EPISTEMOLOGIA I
PGC6052;MERCADOS Y CLIENTES II
301HF;FISIOLOGIA
301HF;FISIOLOGIA
301HF;FISIOLOGIA
PGC7052;MERCADOS Y CLIENTES III
301EG;INMUNOLOGIA
301EG;INMUNOLOGIA
301EG;INMUNOLOGIA
301EG;INMUNOLOGIA
301EG;INMUNOLOGIA
301EG;INMUNOLOGIA
301EG;INMUNOLOGIA
301EG;INMUNOLOGIA
301EG;INMUNOLOGIA
SST303;METODOLOGÍA DE INVESTIGACIÓN
HE100;METODOLOGIA Y TECNICAS DE LA INVESTIGACION I
HE100;METODOLOGIA Y TECNICAS DE LA INVESTIGACION I
HE100;METODOLOGIA Y TECNICAS DE LA INVESTIGACION I
GC413;METODOLOGÍA DE INVESTIGACIÓN EN CONTEXTOS COMUNITARIOS
401EG;BACTERIOLOGIA II
401EG;BACTERIOLOGIA II
401EG;BACTERIOLOGIA II
401EG;BACTERIOLOGIA II
401EG;BACTERIOLOGIA II
401EG;BACTERIOLOGIA II
401EG;BACTERIOLOGIA II
TGA405;METODOLOGIA DE LA INVESTIGACION
HC100;ETICA
HC100;ETICA
HC100;ETICA
BIO601;METODOLOGÍA DE LA INVESTIGACION
401EK;FUNDAMENTOS DE FARMACOLOGIA Y TOXICOLOGIA
401EK;FUNDAMENTOS DE FARMACOLOGIA Y TOXICOLOGIA
401EK;FUNDAMENTOS DE FARMACOLOGIA Y TOXICOLOGIA
401EK;FUNDAMENTOS DE FARMACOLOGIA Y TOXICOLOGIA
401EK;FUNDAMENTOS DE FARMACOLOGIA Y TOXICOLOGIA
401EK;FUNDAMENTOS DE FARMACOLOGIA Y TOXICOLOGIA
401EK;FUNDAMENTOS DE FARMACOLOGIA Y TOXICOLOGIA
FAI014;METODOLOGÍA DE LA INVESTIGACIÓN
401EH;QUIMICA CLINICA I
401EH;QUIMICA CLINICA I
401EH;QUIMICA CLINICA I
401EH;QUIMICA CLINICA I
401EH;QUIMICA CLINICA I
401EH;QUIMICA CLINICA I
401EH;QUIMICA CLINICA I
401EH;QUIMICA CLINICA I
401EH;QUIMICA CLINICA I
401EH;QUIMICA CLINICA I
401EH;QUIMICA CLINICA I
401EH;QUIMICA CLINICA I
401EH;QUIMICA CLINICA I
401EH;QUIMICA CLINICA I
ARQA702;METODOLOGÍA DE LA INVESTIGACIÓN
401EJ;VIROLOGIA
401EJ;VIROLOGIA
401EJ;VIROLOGIA
GC4161;METODOLOGÍA DIALÓGICO-PARTICIPATIVAS
SA100;DESARROLLO A LA COMUNIDAD
SA100;DESARROLLO A LA COMUNIDAD
SA100;DESARROLLO A LA COMUNIDAD
GC5161;METODOLOGÍA DIALÓGICO-PARTICIPATIVAS
501EI;HEMATOLOGIA I
501EI;HEMATOLOGIA I
501EI;HEMATOLOGIA I
501EI;HEMATOLOGIA I
501EI;HEMATOLOGIA I
501EI;HEMATOLOGIA I
501EI;HEMATOLOGIA I
AET405;METODOLOGÍA Y TÉCNICAS DE LA INVESTIGACIÓN
501EJ;PARASITOLOGIA
501EJ;PARASITOLOGIA
501EJ;PARASITOLOGIA
501EJ;PARASITOLOGIA
501EJ;PARASITOLOGIA
501EJ;PARASITOLOGIA
501EJ;PARASITOLOGIA
501EJ;PARASITOLOGIA
501EJ;PARASITOLOGIA
501EJ;PARASITOLOGIA
501EJ;PARASITOLOGIA
PGC205;METODOLOGÍA Y TÉCNICAS DE LA INVESTIGACIÓN
501EB;QUIMICA CLINICA II
501EB;QUIMICA CLINICA II
501EB;QUIMICA CLINICA II
501EB;QUIMICA CLINICA II
501EB;QUIMICA CLINICA II
501EB;QUIMICA CLINICA II
501EB;QUIMICA CLINICA II
HE100;METODOLOGIA Y TECNICAS DE LA INVESTIGACION I
SA110;SALUD PUBLICA
SA110;SALUD PUBLICA
SA110;SALUD PUBLICA
BIO7051;MÉTODOS DE PURIFICACIÓN Y SEPARACIÓN
SA120;FUNDAMIENTOS DE ADMINISTRACION
SA120;FUNDAMIENTOS DE ADMINISTRACION
SA120;FUNDAMIENTOS DE ADMINISTRACION
PDS039;MÉTODOS Y ESTRATEGIAS DE INTERVENCIÓN PROFESIONAL
601EH;BROMATOLOGIA
601EH;BROMATOLOGIA
601EH;BROMATOLOGIA
601EH;BROMATOLOGIA
601EH;BROMATOLOGIA
601EH;BROMATOLOGIA
601EH;BROMATOLOGIA
CC505;MEZCLAS Y CONCRETO
601HE;EPIDEMIOLOGÍA
601HE;EPIDEMIOLOGÍA
601HE;EPIDEMIOLOGÍA
601EC;MICOLOGIA
HB100;FORMACION DEMOCRATICA Y CIUDADANA
HB100;FORMACION DEMOCRATICA Y CIUDADANA
HB100;FORMACION DEMOCRATICA Y CIUDADANA
IA502;MICROBIOLOGÍA AMBIENTAL
601EB;HEMATOLOGIA II Y BANCO DE SANGRE
601EB;HEMATOLOGIA II Y BANCO DE SANGRE
601EB;HEMATOLOGIA II Y BANCO DE SANGRE
601EB;HEMATOLOGIA II Y BANCO DE SANGRE
601EB;HEMATOLOGIA II Y BANCO DE SANGRE
601EB;HEMATOLOGIA II Y BANCO DE SANGRE
601EB;HEMATOLOGIA II Y BANCO DE SANGRE
BIO402;MICROBIOLOGÍA I
601EC;MICOLOGIA
601EC;MICOLOGIA
601EC;MICOLOGIA
601EC;MICOLOGIA
601EC;MICOLOGIA
601EC;MICOLOGIA
601EC;MICOLOGIA
HB100;FORMACION DEMOCRATICA Y CIUDADANA
BIO503;MICROBIOLOGÍA II
701EP;PRACTICA PROFESIONAL
701EP;PRACTICA PROFESIONAL
701EP;PRACTICA PROFESIONAL
PGC303;MICROBIOLOGÍA Y CONSERVACIÓN DE LOS ALIMENTOS
801EP;PRACTICA PROFESIONAL
ICO6041;MINERÍA DE DATOS
BIO101;MATEMÁTICAS  OPERATIVAS
BIO101;MATEMÁTICAS  OPERATIVAS
BIO101;MATEMÁTICAS  OPERATIVAS
PGC502;MIXOLOGÍA
BIO102;QUÍMICA GENERAL
BIO102;QUÍMICA GENERAL
BIO102;QUÍMICA GENERAL
BIO102;QUÍMICA GENERAL
BIO102;QUÍMICA GENERAL
BIO102;QUÍMICA GENERAL
BIO102;QUÍMICA GENERAL
BIO102;QUÍMICA GENERAL
TSG504;MIXOLOGÍA
BIO103;INTRODUCCIÓN A LA BIOTECNOLOGÍA
BIO103;INTRODUCCIÓN A LA BIOTECNOLOGÍA
BIO103;INTRODUCCIÓN A LA BIOTECNOLOGÍA
ARQA206;MODELACIÓN
BIO104;BIOLOGÍA GENERAL
BIO104;BIOLOGÍA GENERAL
BIO104;BIOLOGÍA GENERAL
BIO104;BIOLOGÍA GENERAL
BIO104;BIOLOGÍA GENERAL
DAI335;MODELACIÓN DIGITAL
BIO201;CÁLCULO DIFERENCIAL
DAI224;MODELACIÓN MANUAL
BIO202;QUÍMICA ORGÁNICA
BIO202;QUÍMICA ORGÁNICA
BIO202;QUÍMICA ORGÁNICA
BIO202;QUÍMICA ORGÁNICA
BIO202;QUÍMICA ORGÁNICA
101EM;MORFOLOGIA I
BIO203;INTRODUCCIÓN A LA BIOTECNOLOGÍA II
BIO203;INTRODUCCIÓN A LA BIOTECNOLOGÍA II
BIO203;INTRODUCCIÓN A LA BIOTECNOLOGÍA II
201EM;MORFOLOGIA II
BIO204;BIOLOGÍA CELULAR
BIO204;BIOLOGÍA CELULAR
BIO204;BIOLOGÍA CELULAR
BIO204;BIOLOGÍA CELULAR
BIO204;BIOLOGÍA CELULAR
INS0126;MOVILIDAD Y SOSTENIBILIDAD URBANA
BIO205;GENÉTICA
BIO205;GENÉTICA
BIO205;GENÉTICA
BIO205;GENÉTICA
BIO205;GENÉTICA
DAI334;NORMATIVIDAD
BIO301;CÁLCULO INTEGRAL
CC503;NORMATIVIDAD DE LA CONSTRUCCIÓN
BIO302;FÍSICA
BIO302;FÍSICA
ECS205;NUEVOS MATERIALES
BIO303;BIOQUÍMICA
BIO303;BIOQUÍMICA
BIO303;BIOQUÍMICA
BIO303;BIOQUÍMICA
BIO303;BIOQUÍMICA
PGC405;NUTRICIÓN Y DIETÉTICA
BIO304;ANÁLISIS QUÍMICO
BIO304;ANÁLISIS QUÍMICO
TSG205;NUTRICIÓN Y DIETÉTICA
BIO305;BIOLOGÍA MOLECULAR
BIO305;BIOLOGÍA MOLECULAR
CV604;OBRA BLANCA
BIO403;BIOFÍSICA
CC201;OBRA NEGRA
BIO402;MICROBIOLOGÍA I
BIO402;MICROBIOLOGÍA I
INS086;OFIMATICA
BIO406;ECOFISIOLOGÍA VEGETAL
BIO406;ECOFISIOLOGÍA VEGETAL
BIO406;ECOFISIOLOGÍA VEGETAL
BIO406;ECOFISIOLOGÍA VEGETAL
BIO406;ECOFISIOLOGÍA VEGETAL
ICO702;OPERACIONES ADMINISTRATIVAS COMERCIALES
BIO401;ESTADÍSTICA GENERAL
BIO401;ESTADÍSTICA GENERAL
BIO401;ESTADÍSTICA GENERAL
BIO404;OPERACIONES UNITARIAS
BIO404;OPERACIONES UNITARIAS
PDS0421;Optativa 1 Línea 1
BIO405;BIOINFORMÁTICA
PDS0422;Optativa 1 Línea 2
BIO501;DISEÑO EXPERIMENTAL
PDS0423;Optativa 1 Línea 3
BIO502;INGENIERÍA DE BIOPROCESOS
BIO502;INGENIERÍA DE BIOPROCESOS
PDS0491;OPTATIVA 2 LÍNEA 1
BIO503;MICROBIOLOGÍA II
BIO503;MICROBIOLOGÍA II
PDS0492;OPTATIVA 2 LÍNEA 2
BIO504;BIOTECNOLOGÍA VEGETAL Y TEJIDOS
BIO504;BIOTECNOLOGÍA VEGETAL Y TEJIDOS
PDS0493;OPTATIVA 2 LÍNEA 3
BIO505;INTERACCIÓN CELULAR
BIO505;INTERACCIÓN CELULAR
ARQA703;ORDENAMIENTO TERRITORIAL
TGC204;ORDENAMIENTO TERRITORIAL
ARQA7053;ORDENAMIENTO TERRITORIAL I
BIO602;ADMINISTRACIÓN
IA7002;ORDENAMIENTO TERRITORIAL I
BIO605;BIOTECNOLOGÍA AMBIENTAL
BIO605;BIOTECNOLOGÍA AMBIENTAL
TGC30201;ORDENAMIENTO TERRITORIAL I
BIO601;METODOLOGÍA DE LA INVESTIGACION
ARQA8033;ORDENAMIENTO TERRITORIAL II
BIO603;ÉTICA PARA LAS CIENCIAS DE LA VIDA
IA8002;ORDENAMIENTO TERRITORIAL II
BIO604;BIOTECNOLOGÍA ENZIMÁTICA
BIO604;BIOTECNOLOGÍA ENZIMÁTICA
TGC40401;ORDENAMIENTO TERRITORIAL II
IA9002;ORDENAMIENTO TERRITORIAL III
DAI5063;ORDENAMIENTO TERRITORIAL III
BIO701;BIOTECNOLOGÍA Y SOCIEDAD
TGC50601;ORDENAMIENTO TERRITORIAL III
BIO702;BIOTECNOLOGÍA ANIMAL
BIO702;BIOTECNOLOGÍA ANIMAL
EGR009;ORGANIZACIÓN PARA LA GESTIÓN DEL RIESGO ARTICULADO AL ORDENAMIENTO TERRITORIAL Y A LA PLANIFICACIÓN DEL DESARROLLO
BIO703;PROYECTOS BIOTECNOLÓGICOS
ARQA7051;PAISAJE I
BIO704;BIOTECNOLOGÍA DE ALIMENTOS
BIO704;BIOTECNOLOGÍA DE ALIMENTOS
ARQA8031;PAISAJE II
ARQ7041;PAISAJE III
PGC503;PANIFICACIÓN Y USOS DEL PAN
BIO801;PRÁCTICA PROFESIONAL I
501EJ;PARASITOLOGIA
TSG405;PASTELERÍA
SST101;MATEMÁTICAS
SST101;MATEMÁTICAS
SST101;MATEMÁTICAS
SST101;MATEMÁTICAS
SST101;MATEMÁTICAS
SST101;MATEMÁTICAS
SST101;MATEMÁTICAS
SST101;MATEMÁTICAS
SST101;MATEMÁTICAS
CC606;PATOLOGÍA DE LA EDIFICACIÓN
SST102;BIOLOGÍA
SST102;BIOLOGÍA
SST102;BIOLOGÍA
SST102;BIOLOGÍA
SST102;BIOLOGÍA
SST102;BIOLOGÍA
SST102;BIOLOGÍA
SST102;BIOLOGÍA
SST102;BIOLOGÍA
CV6086;PATOLOGÍA I
SST103;QUÍMICA
SST103;QUÍMICA
SST103;QUÍMICA
SST103;QUÍMICA
SST103;QUÍMICA
SST103;QUÍMICA
SST103;QUÍMICA
SST103;QUÍMICA
SST103;QUÍMICA
CV7076;PATOLOGÍA II
SST104;INTRODUCCIÓN AL PROGRAMA SST
SST104;INTRODUCCIÓN AL PROGRAMA SST
SST104;INTRODUCCIÓN AL PROGRAMA SST
CV8086;PATOLOGÍA III
SST105;INGLÉS I
SST105;INGLÉS I
SST105;INGLÉS I
SST105;INGLÉS I
SST105;INGLÉS I
SST105;INGLÉS I
SST105;INGLÉS I
DAI3041;PATRIMONIO I
SST106;LECTOESCRITURA Y HABILIDADES COMUNICATIVAS
SST106;LECTOESCRITURA Y HABILIDADES COMUNICATIVAS
SST106;LECTOESCRITURA Y HABILIDADES COMUNICATIVAS
DAI4061;PATRIMONIO II
SST202;BIOESTADÍSTICA
SST202;BIOESTADÍSTICA
SST202;BIOESTADÍSTICA
SST202;BIOESTADÍSTICA
SST202;BIOESTADÍSTICA
DAI5061;PATRIMONIO III
SST201;FÍSICA
SST201;FÍSICA
SST201;FÍSICA
SST201;FÍSICA
EPU001;PENSAMIENTO ESTRATÉGICO DE CIUDAD: CONCURRENCIA Y GOBERNANZA CON LIDERAZGO
SST203;ANATOMOFISIOLOGÍA
SST203;ANATOMOFISIOLOGÍA
SST203;ANATOMOFISIOLOGÍA
PDS05;PENSAMIENTO LÓGICO - MATEMÁTICO
SST204;PRIMEROS AUXILIOS Y CONTROL DEL FUEGO
SST204;PRIMEROS AUXILIOS Y CONTROL DEL FUEGO
GC113;PENSAMIENTO LÓGICO MATEMÁTICO
SST205;INGLÉS II
SST205;INGLÉS II
SST205;INGLÉS II
SST205;INGLÉS II
PGC701;PLAN DE NEGOCIOS
SST301;RIESGO PSICOSOCIAL, QUÍMICO Y BIOLÓGICO
SST301;RIESGO PSICOSOCIAL, QUÍMICO Y BIOLÓGICO
SST301;RIESGO PSICOSOCIAL, QUÍMICO Y BIOLÓGICO
PDS044;PLANEACIÓN ESTRATÉGICA Y PROSPECTIVA
SST302;LEGISLACIÓN LABORAL
SST302;LEGISLACIÓN LABORAL
SST302;LEGISLACIÓN LABORAL
SST302;LEGISLACIÓN LABORAL
PDS019;PLANEACIÓN URBANO REGIONAL
SST303;METODOLOGÍA DE INVESTIGACIÓN
SST303;METODOLOGÍA DE INVESTIGACIÓN
SST303;METODOLOGÍA DE INVESTIGACIÓN
SST303;METODOLOGÍA DE INVESTIGACIÓN
SST303;METODOLOGÍA DE INVESTIGACIÓN
GC411;PLANEACIÓN Y GESTIÓN PARA EL DESARROLLO LOCAL
SST304;CIENCIA, TECNOLOGÍA Y SOCIEDAD
PDS034;PLANEACIÓN, AMBIENTE Y DESARROLLO
SST305;FORMACIÓN DEMOCRÁTICA Y CIUDADANA
PDS029;PLANEACIÓN, DESARROLLO Y GESTIÓN LOCAL
SST306;INGLÉS III
SST306;INGLÉS III
SST306;INGLÉS III
SST306;INGLÉS III
ICO7032;PLANES DE NEGOCIO
SST401;MEDICINA DEL TRABAJO
TGA303;PLANIFICACION AMBIENTAL DEL TERRITORIO
AET503;PLANIFICACIÓN TURÍSTICA
SST403;RIESGO FÍSICO, DE SEGURIDAD Y PLAN DE EMERGENCIAS
AE6043;PLANIFICACION TURISTICA I
SST404;ADMINISTRACIÓN
AE7053;PLANIFICACION TURISTICA II
SST405;INGLÉS IV
AE8033;PLANIFICACION TURISTICA III
SST406;FORMULACIÓN Y EVALUACIÓN DE PROYECTOS
EPU009;PLANIFICACIÓN Y ORDENAMIENTO DEL TERRITORIO
SST501;PROCESOS PRODUCTIVOS
PDS035;POLÍTICAS PÚBLICAS
ARQ903;PRACTICA LABORAL
CV902;PRACTICA LABORAL
SST504;ETICA APLICADA SST
FAI017;PRÁCTICA LABORAL
SST505;SISTEMAS DE GESTIÓN
AE901;PRACTICA PROFESIONAL
SST506;SISTEMA DE INFORMACIÓN SST
TSG601;PRACTICA PROFESIONAL
SST507;TRABAJO EN ALTURAS
SST507;TRABAJO EN ALTURAS
DAI601;PRACTICA PROFESIONAL
701EP;PRACTICA PROFESIONAL
SST602;PRÁCTICA PROFESIONAL
801EP;PRACTICA PROFESIONAL
PDS04;ECONOMÍA GENERAL
PGC801;PRÁCTICA PROFESIONAL
PDS05;PENSAMIENTO LÓGICO - MATEMÁTICO
PDS05;PENSAMIENTO LÓGICO - MATEMÁTICO
TGTV601;PRÁCTICA PROFESIONAL
PDS03;FORMACIÓN DEMOCRÁTICA Y CIUDADANA
PDS03;FORMACIÓN DEMOCRÁTICA Y CIUDADANA
SST602;PRÁCTICA PROFESIONAL
PDS01;INTRODUCCIÓN A LAS CIENCIAS SOCIALES
GC612;PRÁCTICA PROFESIONAL
PDS02;SUJETO Y DESARROLLO HUMANO
PDS02;SUJETO Y DESARROLLO HUMANO
BIO801;PRÁCTICA PROFESIONAL I
PDS051;PRÁCTICA PROFESIONAL II
PDS051;PRÁCTICA PROFESIONAL II
PDS051;PRÁCTICA PROFESIONAL II
PDS050;PRÁCTICA PROFESIONAL I
PDS09;INTRODUCCIÓN A LA PLANEACIÓN
PDS09;INTRODUCCIÓN A LA PLANEACIÓN
PDS09;INTRODUCCIÓN A LA PLANEACIÓN
PDS09;INTRODUCCIÓN A LA PLANEACIÓN
BIO901;PRÁCTICA PROFESIONAL II
PDS06;INTRODUCCIÓN AL CAMPO DISCIPLINAR
PDS06;INTRODUCCIÓN AL CAMPO DISCIPLINAR
PDS06;INTRODUCCIÓN AL CAMPO DISCIPLINAR
PDS051;PRÁCTICA PROFESIONAL II
PDS08;FUNDAMENTOS DE SOCIOLOGÍA
PDS08;FUNDAMENTOS DE SOCIOLOGÍA
PDS08;FUNDAMENTOS DE SOCIOLOGÍA
INS0139;PRÁCTICAS SOCIOCRÍTICAS PARA LA ACCIÓN SOCIAL Y POLÍTICA.
PDS010;ESTADÍSTICA APLICADA
PDS010;ESTADÍSTICA APLICADA
PDS010;ESTADÍSTICA APLICADA
PDS045;PREPRÁCTICA
PDS07;INTRODUCCIÓN AL ANÁLISIS POLÍTICO
PDS07;INTRODUCCIÓN AL ANÁLISIS POLÍTICO
GC513;PRE-PRÁCTICA
PDS011;INFORMÁTICA BÁSICA
DAI440;PRESUPUESTO Y PROGRAMACIÓN
PDS014;GEOGRAFÍA, MÉTODOS Y TÉCNICAS
PDS014;GEOGRAFÍA, MÉTODOS Y TÉCNICAS
PDS014;GEOGRAFÍA, MÉTODOS Y TÉCNICAS
INS0127;PREVENCIÓN DE RIESGOS LABORALES
PDS017;CONTABILIDAD
PDS017;CONTABILIDAD
PDS017;CONTABILIDAD
INS098;PRIMEROS AUXILIOS
PDS012;ENFOQUES CLÁSICOS DEL DESARROLLO
PDS012;ENFOQUES CLÁSICOS DEL DESARROLLO
PDS012;ENFOQUES CLÁSICOS DEL DESARROLLO
SST204;PRIMEROS AUXILIOS Y CONTROL DEL FUEGO
PDS016;DISEÑO Y ANÁLISIS DE DATOS
PDS016;DISEÑO Y ANÁLISIS DE DATOS
PDS016;DISEÑO Y ANÁLISIS DE DATOS
PDS016;DISEÑO Y ANÁLISIS DE DATOS
TGA305;PRINCIPIOS DE ADMINISTRACION AMBIENTAL
PDS013;CULTURA INVESTIGATIVA
PDS013;CULTURA INVESTIGATIVA
PDS013;CULTURA INVESTIGATIVA
TGTV403;PRINCIPIOS ECONÓMICOS DEL TURISMO
PDS015;HISTORIA DE COLOMBIA Y PROBLEMÁTICA CONTEMPORÁNEA
PDS015;HISTORIA DE COLOMBIA Y PROBLEMÁTICA CONTEMPORÁNEA
TGC301;PRINCIPIOS JURÍDICOS INMOBILIARIOS
PDS018;DISEÑOS DE INVESTIGACIÓN SOCIAL
PDS018;DISEÑOS DE INVESTIGACIÓN SOCIAL
PDS027;PROCESAMIENTO Y ANÁLISIS DE INFORMACIÓN EN INVESTIGACIÓN SOCIAL
PDS021;ENFOQUES ALTERNATIVOS DEL DESARROLLO
TSG302;PROCESO INVESTIGATIVO
PDS022;ÉNFOQUES Y PENSAMIENTO ADMINISTRATIVO
PDS022;ÉNFOQUES Y PENSAMIENTO ADMINISTRATIVO
TGTV103;PROCESO INVESTIGATIVO
PDS019;PLANEACIÓN URBANO REGIONAL
PDS048;PROCESO INVESTIGATIVO - TRABAJO DE GRADO
PDS020;INTRODUCCIÓN AL DERECHO ADMINISTRATIVO
DAI336;PROCESOS CONSTRUCTIVOS
PDS023;INTRODUCCIÓN A LOS SISTEMAS DE INFORMACIÓN GEOGRÁFICOS
PDS023;INTRODUCCIÓN A LOS SISTEMAS DE INFORMACIÓN GEOGRÁFICOS
PDS023;INTRODUCCIÓN A LOS SISTEMAS DE INFORMACIÓN GEOGRÁFICOS
TSG306;PROCESOS EN ALIMENTOS
PDS024;COSTOS Y PRESUPUESTOS
ICO401;PROCESOS ORGANIZACIONALES
PDS029;PLANEACIÓN, DESARROLLO Y GESTIÓN LOCAL
PDS029;PLANEACIÓN, DESARROLLO Y GESTIÓN LOCAL
SST501;PROCESOS PRODUCTIVOS
PDS025;FORMULACIÓN Y EVALUACIÓN DE PROYECTOS SOCIALES
GC4162;PROCESOS Y ORGANIZACIONES COMUNITARIAS
PDS027;PROCESAMIENTO Y ANÁLISIS DE INFORMACIÓN EN INVESTIGACIÓN SOCIAL
PDS027;PROCESAMIENTO Y ANÁLISIS DE INFORMACIÓN EN INVESTIGACIÓN SOCIAL
GC5162;PROCESOS Y ORGANIZACIONES COMUNITARIAS
PDS031;HABILIDADES COMUNICATIVAS
PDS031;HABILIDADES COMUNICATIVAS
PDS031;HABILIDADES COMUNICATIVAS
INS085;PRODUCCIÓN DE TEXTOS
PDS026;ADMINISTRACIÓN PÚBLICA TERRITORIAL
TSG307;PRODUCTOS DE MAR Y RIO
PDS028;CULTURA, TERRITORIO Y DESARROLLO
PDS028;CULTURA, TERRITORIO Y DESARROLLO
PDS028;CULTURA, TERRITORIO Y DESARROLLO
CV803;PROGRAMACION DE OBRAS
PDS030;MATEMÁTICAS FINANCIERA
EPU012;PROYECTO APLICADO
PDS034;PLANEACIÓN, AMBIENTE Y DESARROLLO
PDS034;PLANEACIÓN, AMBIENTE Y DESARROLLO
CV901;PROYECTO DE INVESTIGACION
PDS032;GEOPOLÍTICA LOCAL Y GLOBAL
PDS032;GEOPOLÍTICA LOCAL Y GLOBAL
ICO805;PROYECTO DE INVESTIGACIÓN
PDS035;POLÍTICAS PÚBLICAS
PDS035;POLÍTICAS PÚBLICAS
IA903;PROYECTO DE INVESTIGACIÓN
PDS033;DESARROLLO RURAL
PDS033;DESARROLLO RURAL
TGC505;PROYECTO DE INVESTIGACIÓN
PDS036;COMUNIDAD Y DESARROLLO SOCIAL
PDS036;COMUNIDAD Y DESARROLLO SOCIAL
PDS036;COMUNIDAD Y DESARROLLO SOCIAL
PDS036;COMUNIDAD Y DESARROLLO SOCIAL
BIO703;PROYECTOS BIOTECNOLÓGICOS
PDS037;INGLÉS I
PDS037;INGLÉS I
SST402;PSICOLOGÍA EN EL TRABAJO
PDS040;CONFLICTO EN CONTEXTOS DE DESARROLLO
PDS040;CONFLICTO EN CONTEXTOS DE DESARROLLO
PDS040;CONFLICTO EN CONTEXTOS DE DESARROLLO
PDS040;CONFLICTO EN CONTEXTOS DE DESARROLLO
ICO503;PSICOLOGÍA Y COMPORTAMIENTO DEL CONSUMIDOR
PDS038;GERENCIA DE PROYECTOS SOCIALES
PDS038;GERENCIA DE PROYECTOS SOCIALES
TGA102;QUIMICA
PDS039;MÉTODOS Y ESTRATEGIAS DE INTERVENCIÓN PROFESIONAL
PDS039;MÉTODOS Y ESTRATEGIAS DE INTERVENCIÓN PROFESIONAL
PDS039;MÉTODOS Y ESTRATEGIAS DE INTERVENCIÓN PROFESIONAL
SA220;QUIMICA
PDS041;FORMULACIÓN DEL PROYECTO DE INVESTIGACIÓN - TRABAJO DE GRADO
PDS041;FORMULACIÓN DEL PROYECTO DE INVESTIGACIÓN - TRABAJO DE GRADO
PDS041;FORMULACIÓN DEL PROYECTO DE INVESTIGACIÓN - TRABAJO DE GRADO
PDS041;FORMULACIÓN DEL PROYECTO DE INVESTIGACIÓN - TRABAJO DE GRADO
PDS041;FORMULACIÓN DEL PROYECTO DE INVESTIGACIÓN - TRABAJO DE GRADO
SST103;QUÍMICA
PDS0421;Optativa 1 Línea 1
PDS0421;Optativa 1 Línea 1
PDS0421;Optativa 1 Línea 1
401EH;QUIMICA CLINICA I
PDS0422;Optativa 1 Línea 2
501EB;QUIMICA CLINICA II
PGC103;QUÍMICA DE ALIMENTOS
PDS043;INGLÉS II
PDS043;INGLÉS II
PDS043;INGLÉS II
BIO102;QUÍMICA GENERAL
PDS044;PLANEACIÓN ESTRATÉGICA Y PROSPECTIVA
IA100;QUÍMICA I
PDS045;PREPRÁCTICA
PDS045;PREPRÁCTICA
PDS045;PREPRÁCTICA
IA200;QUÍMICA II
PDS046;EPISTEMOLOGÍA APLICADA
PDS046;EPISTEMOLOGÍA APLICADA
PDS046;EPISTEMOLOGÍA APLICADA
IA300;QUÍMICA III
PDS048;PROCESO INVESTIGATIVO - TRABAJO DE GRADO
PDS048;PROCESO INVESTIGATIVO - TRABAJO DE GRADO
PDS048;PROCESO INVESTIGATIVO - TRABAJO DE GRADO
PDS048;PROCESO INVESTIGATIVO - TRABAJO DE GRADO
PDS048;PROCESO INVESTIGATIVO - TRABAJO DE GRADO
PDS048;PROCESO INVESTIGATIVO - TRABAJO DE GRADO
PDS048;PROCESO INVESTIGATIVO - TRABAJO DE GRADO
PDS048;PROCESO INVESTIGATIVO - TRABAJO DE GRADO
BIO202;QUÍMICA ORGÁNICA
PDS047;ÉTICA PROFESIONAL
PDS047;ÉTICA PROFESIONAL
PDS047;ÉTICA PROFESIONAL
FAI021;QUÍMICA Y LABORATORIO
PDS0491;OPTATIVA 2 LÍNEA 1
PDS0491;OPTATIVA 2 LÍNEA 1
INS095;REALIDADES CINEMATOGRAFICAS
PDS0492;OPTATIVA 2 LÍNEA 2
EGR007;REDUCCIÓN DEL RIESGO
CV1004;REHABILITACION Y MANTENIMIENTO DE EDIFICACIONES
PDS050;PRÁCTICA PROFESIONAL I
INS0124;RELACIONES PÚBLICAS Y PROTOCOLO EMPRESARIAL
GC111;INTRODUCCIÓN A LAS CIENCIAS SOCIALES
GC111;INTRODUCCIÓN A LAS CIENCIAS SOCIALES
PGC603;REPOSTERÍA Y PASTELERÍA
GC112;LECTURA CONTEXTUAL LOCAL, NACIONAL E INTERNACIONAL
GC112;LECTURA CONTEXTUAL LOCAL, NACIONAL E INTERNACIONAL
GC112;LECTURA CONTEXTUAL LOCAL, NACIONAL E INTERNACIONAL
ARQA401;REPRESENTACIÓN DIGITAL I
GC113;PENSAMIENTO LÓGICO MATEMÁTICO
GC113;PENSAMIENTO LÓGICO MATEMÁTICO
GC113;PENSAMIENTO LÓGICO MATEMÁTICO
ARQA501;REPRESENTACIÓN DIGITAL II
GC114;LECTO ESCRITURA Y HABILIDADES COMUNICATIVAS
GC114;LECTO ESCRITURA Y HABILIDADES COMUNICATIVAS
GC114;LECTO ESCRITURA Y HABILIDADES COMUNICATIVAS
ARQA601;REPRESENTACIÓN DIGITAL III: HERRAMIENTAS DE DISEÑO AVANZADO
GC115;CONSTITUCIÓN COLOMBIANA Y FORMACIÓN DEMOCRÁTICA
GC115;CONSTITUCIÓN COLOMBIANA Y FORMACIÓN DEMOCRÁTICA
INS101;INGLES I
INS101;INGLES I
INS101;INGLES I
INS101;INGLES I
INS009;ELECTIVA I
INS009;ELECTIVA I
DAI4461;REPRESENTACIÓN GRÁFICA MANUAL Y DIGITAL
GC211;FUNDAMENTOS PARA LA INTERVENCIÓN COMUNITARIA
SST403;RIESGO FÍSICO, DE SEGURIDAD Y PLAN DE EMERGENCIAS
GC212;ADMINISTRACIÓN PARA LAS ORGANIZACIONES SOCIALES
SST301;RIESGO PSICOSOCIAL, QUÍMICO Y BIOLÓGICO
GC213;DERECHO ADMINISTRATIVO
GC213;DERECHO ADMINISTRATIVO
INS031;ROTACIÓN DEPORTIVA
GC214;ANÁLISIS ECONÓMICO EN LO SOCIAL
GC214;ANÁLISIS ECONÓMICO EN LO SOCIAL
CV1002;SALUD OCUPACIONAL Y SEGURIDAD INDUSTRIAL
GC215;INFORMÁTICA BÁSICA
GC215;INFORMÁTICA BÁSICA
INS102;INGLES II
INS102;INGLES II
INS102;INGLES II
INS039;SALUD PSICOFISICA
GC311;INTRODUCCIÓN A LA INVESTIGACIÓN Y DIAGNÓSTICO SOCIAL
GC311;INTRODUCCIÓN A LA INVESTIGACIÓN Y DIAGNÓSTICO SOCIAL
SA110;SALUD PUBLICA
GC312;TÉCNICAS DE LECTURA TERRITORIAL
GC312;TÉCNICAS DE LECTURA TERRITORIAL
INS0118;SEGURIDAD DE LA INFORMACION
GC313;DISCURSOS DEL DESARROLLO Y PROCESOS DE PLANEACIÓN
GC313;DISCURSOS DEL DESARROLLO Y PROCESOS DE PLANEACIÓN
IA803;SEGURIDAD Y SALUD EN EL TRABAJO
GC314;FUNDAMENTOS Y HERRAMIENTAS DE LA COMUNICACIÓN COMUNITARIA
GC314;FUNDAMENTOS Y HERRAMIENTAS DE LA COMUNICACIÓN COMUNITARIA
TGA505;SEGURIDAD Y SALUD EN EL TRABAJO
GC315;ACCIÓN COLECTIVA Y TRANSFORMACIÓN SOCIAL
GC315;ACCIÓN COLECTIVA Y TRANSFORMACIÓN SOCIAL
INS103;INGLES III
INS103;INGLES III
INS103;INGLES III
INS103;INGLES III
TSG207;SELECCIÓN Y PREPARACIÓN DE CARNES I
GC411;PLANEACIÓN Y GESTIÓN PARA EL DESARROLLO LOCAL
GC411;PLANEACIÓN Y GESTIÓN PARA EL DESARROLLO LOCAL
TSG404;SELECCIÓN Y PREPARACIÓN DE CARNES II
GC414;CONFLICTOS COMUNITARIOS Y ALTERNATIVAS DE CONSTRUCCIÓN DE PAZ
GC414;CONFLICTOS COMUNITARIOS Y ALTERNATIVAS DE CONSTRUCCIÓN DE PAZ
EPU004;SEMINARIO DE CIUDAD I
GC415;FORMULACIÓN DE PROYECTOS SOCIALES Y COMUNITARIOS
GC415;FORMULACIÓN DE PROYECTOS SOCIALES Y COMUNITARIOS
EPU010;SEMINARIO DE CIUDAD II
GC413;METODOLOGÍA DE INVESTIGACIÓN EN CONTEXTOS COMUNITARIOS
GC413;METODOLOGÍA DE INVESTIGACIÓN EN CONTEXTOS COMUNITARIOS
CMA020;SEMINARIO DE EMPRENDIMIENTO
GC412;ADMINISTRACIÓN PÚBLICA TERRITORIAL
PGC601;SEMINARIO DE EMPRENDIMIENTO
AET103;SEMINARIO DE RESPONSABILIDAD SOCIAL Y DERECHOS CIUDADANOS
GC4161;METODOLOGÍA DIALÓGICO-PARTICIPATIVAS
GC4161;METODOLOGÍA DIALÓGICO-PARTICIPATIVAS
GC4162;PROCESOS Y ORGANIZACIONES COMUNITARIAS
INS104;INGLES IV
INS104;INGLES IV
ARQ807;SERVICIO SOCIAL
GC511;HERRAMIENTAS PARA LA GESTIÓN AMBIENTAL
GC511;HERRAMIENTAS PARA LA GESTIÓN AMBIENTAL
GC511;HERRAMIENTAS PARA LA GESTIÓN AMBIENTAL
CV1005;SERVICIO SOCIAL
GC512;EDUCACIÓN SOCIAL EN LA INTERVENCIÓN COMUNITARIA
GC512;EDUCACIÓN SOCIAL EN LA INTERVENCIÓN COMUNITARIA
GC512;EDUCACIÓN SOCIAL EN LA INTERVENCIÓN COMUNITARIA
DAI512;SERVICIO SOCIAL
GC513;PRE-PRÁCTICA
GC513;PRE-PRÁCTICA
GC513;PRE-PRÁCTICA
ICO603;SERVICIOS COMERCIALES DIGITALES
GC514;GESTIÓN DE PROYECTOS SOCIALES Y COMUNITARIOS
GC514;GESTIÓN DE PROYECTOS SOCIALES Y COMUNITARIOS
GC514;GESTIÓN DE PROYECTOS SOCIALES Y COMUNITARIOS
ICO802;SIMULACIÓN DE PROCESOS COMERCIALES
GC515;DINÁMICAS Y PROCESOS GRUPALES
GC515;DINÁMICAS Y PROCESOS GRUPALES
GC515;DINÁMICAS Y PROCESOS GRUPALES
SST506;SISTEMA DE INFORMACIÓN SST
TGTV101;SISTEMA TURISTICO
GC5162;PROCESOS Y ORGANIZACIONES COMUNITARIAS
TGA403;SISTEMAS DE GESTION
FAI012;SISTEMAS DE GESTIÓN
GC612;PRÁCTICA PROFESIONAL
GC612;PRÁCTICA PROFESIONAL
GC612;PRÁCTICA PROFESIONAL
GC611;ÉTICA PROFESIONAL
GC611;ÉTICA PROFESIONAL
GC611;ÉTICA PROFESIONAL
SST505;SISTEMAS DE GESTIÓN
IA602;SISTEMAS DE INFORMACIÓN GEOGRÁFICA
INS066;LENGUA MATERNA  (VIRTUAL)
INS066;LENGUA MATERNA  (VIRTUAL)
FAI019;SISTEMAS DE INFORMACIÓN GEOGRÁFICA
INS067;CONSTITUCIÓN POLÍTICA  (VIRTUAL)
TGA202;SISTEMAS DE INFORMACION GEOGRAFICA (SIG)
AE701;SISTEMAS DE INFORMACION GERENCIAL
EPU011;SISTEMAS DE INFORMACIÓN PARA EL DESARROLLO (CON HERRAMIENTAS SIG)
ECS202;SOSTENIBILIDAD AMBIENTAL
INS032;TECNICAS DE ESTUDIO Y USO DEL TIEMPO
INS032;TECNICAS DE ESTUDIO Y USO DEL TIEMPO
INS032;TECNICAS DE ESTUDIO Y USO DEL TIEMPO
IA901;SOSTENIBILIDAD AMBIENTAL
TGA404;SOSTENIBILIDAD AMBIENTAL
CC302;SUELOS Y LABORATORIO
PDS02;SUJETO Y DESARROLLO HUMANO
PGC602;SUMILLERÍA Y BARISMO
ARQA7055;TÉCNICA
ARQA8035;TÉCNICA II
ARQ10041;TÉCNICA III
PGC105;TÉCNICAS BÁSICAS DE COCINAS
INS032;TECNICAS DE ESTUDIO Y USO DEL TIEMPO
INS054;CONTEXTO HISTORICO Y  POLÍTICO COLOMBIANO
GC312;TÉCNICAS DE LECTURA TERRITORIAL
INS0132;EDICIÓN Y PRODUCCIÓN DE VIDEOS
TSG505;TENDENCIAS CULINARIAS
INS0133;EL FEMINISMO Y LA POSMODERNIDAD
ARQA405;TEORÍA DE LA ARQUITECTURA I
INS0134;DISEÑO ESTRATÉGICO PROSPECTIVO PARA LA GESTIÓN DEL DESARROLLO
ARQA504;TEORÍA DE LA ARQUITECTURA II
AET201;TEORÍA ORGANIZACIONAL
INS031;ROTACIÓN DEPORTIVA
INS031;ROTACIÓN DEPORTIVA
INS031;ROTACIÓN DEPORTIVA
INS031;ROTACIÓN DEPORTIVA
ARQA604;TEORÍA URBANA
INS039;SALUD PSICOFISICA
INS039;SALUD PSICOFISICA
INS039;SALUD PSICOFISICA
AET404;TEORÍAS MODERNAS DE ADMINISTRACIÓN
INS026;FOTOGRAFÍA
IA400;TERMODINÁMICA
INS025;EXPRESIÓN CREATIVA
INS069;TERRITORIOS Y LUGARES (VIRTUAL)
INS0136;ACERCAMIENTO A LA LENGUA DE SEÑAS COLOMBIANA (LSD) Y LA COMUNIDAD SORDA
ICO806;TOMA DE DECISIONES Y NEGOCIACIÓN
FAI010;TOPOGRAFÍA
INS074;CATEDRA DE GENERO
AE702;TOURISM MANAGEMENT MARKETING
INS083;ARTE CIENCIA E INNOVACION
EGR012;TRABAJO DE GRADO
INS081;FOLCLOR Y BAILES TRADICIONALES
INS081;FOLCLOR Y BAILES TRADICIONALES
ECS207;TRABAJO DE GRADO (O PROYECTO APLICADO)
INS075;DIVERSIDAD CULTURAL
SST507;TRABAJO EN ALTURAS
IA704;TRATAMIENTO DE  AGUAS
INS084;COMPRENSIÓN LECTORA
IA701;TRATAMIENTO DEL  AIRE
INS086;OFIMATICA
IA702;TRATAMIENTO DEL SUELO
INS082;CÁTEDRA ABIERTA DE INNOVACIÓN Y EMPRENDIMIENTO
TGTV504;TURISMO SOSTENIBLE
TGTV201;TURISMO Y ESPACIO GEOGRÁFICO
AET304;TURISMO, CULTURA Y SOCIEDAD
INS087;GESTIÓN DE LA CALIDAD
INS087;GESTIÓN DE LA CALIDAD
TGC504;VALORACIÓN CATASTRAL
SST502;VALORACIÓN DEL RIESGO
TGC503;VALORACIÓN INMOBILIARIA
INS098;PRIMEROS AUXILIOS
INS095;REALIDADES CINEMATOGRAFICAS
ECS204;VIABILIDAD Y MERCADEO DE PROYECTOS
INS082;CÁTEDRA ABIERTA DE INNOVACIÓN Y EMPRENDIMIENTO
INS082;CÁTEDRA ABIERTA DE INNOVACIÓN Y EMPRENDIMIENTO
CC402;VÍAS Y PAVIMENTOS
INS0115;INTELIGENCIA DE NEGOCIOS
401EJ;VIROLOGIA
INS0136;ACERCAMIENTO A LA LENGUA DE SEÑAS COLOMBIANA (LSD) Y LA COMUNIDAD SORDA
